alpha,validation_fold,sample_id,target,prediction
0.01,0,lefood-0002,0.93846153846153846,0.93814142344534868
0.01,0,lefood-0003,0.94074074074074077,0.81091032771053051
0.01,0,lefood-0004,0.0068493150684931503,0
0.01,0,lefood-0005,0.17985611510791366,0.42167560157610345
0.01,0,lefood-0006,0.99411764705882355,0.87199065348155236
0.01,0,lefood-0007,0.31213872832369943,0.14648659784794898
0.01,0,lefood-0008,0.007246376811594203,0.23818987535711156
0.01,0,lefood-0009,0.55905511811023623,0.7223830114776626
0.01,0,lefood-0010,0.65957446808510634,0.33437080933262597
0.01,0,lefood-0011,0.86178861788617889,0.60758699182934195
0.01,0,lefood-0012,0.12592592592592591,0.31635327184679718
0.01,0,lefood-0013,0.52513966480446927,0.6402269326875607
0.01,0,lefood-0014,0,0.28544996755140895
0.01,0,lefood-0015,1,0.91451372213282078
0.01,0,lefood-0016,0.4358974358974359,0.49459437064439971
0.01,0,lefood-0017,0.041095890410958902,0.1075117430532887
0.01,0,lefood-0018,0.26666666666666666,0.0054272719196235553
0.01,0,lefood-0019,0,0.13302797633661773
0.01,0,lefood-0020,0.98369565217391308,0.83561738660991369
0.01,0,lefood-0021,0.46575342465753422,0.57984396057321896
0.01,0,lefood-0022,0,0.39898930781742481
0.01,0,lefood-0023,0,0.19154595359740229
0.01,0,lefood-0024,0.87349397590361444,1
0.01,0,lefood-0025,0,0
0.01,0,lefood-0026,0.3728813559322034,0.39245952411872798
0.01,0,lefood-0027,1,0.90150224634311149
0.01,0,lefood-0028,1,0.88811289716058883
0.01,0,lefood-0029,0.96825396825396826,0.86310234503691663
0.01,0,lefood-0030,0.99019607843137258,0.7631166385725805
0.01,0,lefood-0031,0.077669902912621352,0.082671210593631028
0.01,0,lefood-0032,0,0.021054446888267464
0.01,0,lefood-0033,0.27272727272727271,0.71451206984755866
0.01,0,lefood-0034,0.31223628691983124,0.7627505671003485
0.01,0,lefood-0035,0,0.042565216162529618
0.01,0,lefood-0036,0.51265822784810122,0.50370473053058296
0.01,0,lefood-0037,0,0
0.01,0,lefood-0038,0,0.27938346604629061
0.01,0,lefood-0039,0.11764705882352941,0.20193131827255562
0.01,0,lefood-0040,0,0
0.01,0,lefood-0041,0.76190476190476186,0.55177541741107383
0.01,0,lefood-0043,0.53020134228187921,0.76522606543839466
0.01,0,lefood-0044,0,0.02246049394709615
0.01,0,lefood-0045,0.21348314606741572,0.079419991155404657
0.01,0,lefood-0046,0.50285714285714289,0.42861979719592602
0.01,0,lefood-0047,0.065217391304347824,0.27862233967975547
0.01,0,lefood-0048,0.49404761904761907,0.47796202518369291
0.01,0,lefood-0049,0,0.020114973878260445
0.01,0,lefood-0050,0.73684210526315785,0.6637736080975325
0.01,0,lefood-0051,0,0.16992127594995976
0.01,0,lefood-0052,0.98461538461538467,0.93367178226660597
0.01,0,lefood-0053,0.19083969465648856,0.28962063155852802
0.01,0,lefood-0054,0,0.1692893448140696
0.01,0,lefood-0055,0.55462184873949583,0.63457271902809809
0.01,0,lefood-0056,0,0.22777090250407961
0.01,0,lefood-0057,0,0.45571127293561786
0.01,0,lefood-0058,0.88976377952755903,0.77548573185669789
0.01,0,lefood-0059,0.8671875,0.96340143618019902
0.01,0,lefood-0060,0,0.045418646404657093
0.01,0,lefood-0061,0.92561983471074383,0.84516896402876684
0.01,0,lefood-0062,0.083333333333333329,0.029344385529752381
0.01,0,lefood-0063,0.99224806201550386,0.91582777259215264
0.01,0,lefood-0064,0,0.034423580732313053
0.01,0,lefood-0065,0.96999999999999997,0.90568274633586343
0.01,0,lefood-0066,0.11382113821138211,0.31878474938001788
0.01,0,lefood-0067,0.16080402010050251,0.4603686005033884
0.01,0,lefood-0068,0.20945945945945946,0.29691065811583905
0.01,0,lefood-0069,0.92405063291139244,0.81260684592433352
0.01,0,lefood-0070,0.41935483870967744,0.53908703498465727
0.01,0,lefood-0071,0.77519379844961245,0.79327672303292207
0.01,0,lefood-0072,0.068181818181818177,0.12457033838745116
0.01,0,lefood-0073,0,0.28016255836570858
0.01,0,lefood-0074,0.9942196531791907,1
0.01,0,lefood-0075,0,0.23805031909213586
0.01,0,lefood-0076,0.45522388059701491,0.53942061249684903
0.01,0,lefood-0077,0.024,0.087630467076267982
0.01,0,lefood-0078,0,0.093017147073776674
0.01,0,lefood-0079,0,0.24149596874057921
0.01,0,lefood-0080,0,0.09262933921528399
0.01,0,lefood-0179,0.98076923076923073,1
0.01,0,lefood-0180,0.14285714285714285,0.40337763310511265
0.01,0,lefood-0345,1,0.68162874250690919
0.01,0,lefood-0346,0,0.12914668707087062
0.01,0,lefood-0348,0.083333333333333329,0.4875259808260668
0.01,0,lefood-0349,0,0.04243500250424409
0.01,0,lefood-0350,1,0.6595791008974734
0.01,0,lefood-0351,0,0
0.01,0,lefood-0353,1,0.35176458469843619
0.01,0,lefood-0354,0.94117647058823528,0.81994684979722376
0.01,0,lefood-0355,0.23529411764705882,0.46254303817849324
0.01,0,lefood-0356,0.96551724137931039,0.68605802511833325
0.01,0,lefood-0358,0.94117647058823528,0.71552963505904377
0.01,0,lefood-0359,1,0.84554680949553296
0.01,0,lefood-0360,0,0
0.01,0,lefood-0361,1,0.78252794809983539
0.01,0,lefood-0381,1,0.82046639971640001
0.01,0,lefood-0382,0,0
0.01,0,lefood-0383,0,0
0.01,0,lefood-0385,0.071428571428571425,0.12333562654717803
0.01,0,lefood-0386,0,0.11768212040299847
0.01,0,lefood-0387,0,0
0.01,0,lefood-0526,1,0.94226653701064134
0.01,0,lefood-0527,0,0
0.01,0,lefood-0529,0.3235294117647059,0.322161075736772
0.01,1,lefood-0081,0.26623376623376621,0.25521350846550395
0.01,1,lefood-0082,0.034482758620689655,0
0.01,1,lefood-0083,1,0.98861305551926515
0.01,1,lefood-0084,0.58241758241758246,0.63923200303452199
0.01,1,lefood-0085,0.3392857142857143,0.51220606470065055
0.01,1,lefood-0086,0.26190476190476192,0.40243910578029402
0.01,1,lefood-0087,0,0.35907754578898027
0.01,1,lefood-0088,0,0.0963613246938409
0.01,1,lefood-0089,0.80128205128205132,0.57629058863935889
0.01,1,lefood-0090,0.56818181818181823,0.57963651442816178
0.01,1,lefood-0091,0.70949720670391059,0.60352277590272796
0.01,1,lefood-0092,0.35714285714285715,0.68793040179354603
0.01,1,lefood-0093,0,0.065876437955972589
0.01,1,lefood-0094,0,0.21751917145740685
0.01,1,lefood-0095,0,0
0.01,1,lefood-0096,0.36842105263157893,0.42709064960825527
0.01,1,lefood-0097,0.36752136752136755,0.54937079575624304
0.01,1,lefood-0098,0,0.037312746127613039
0.01,1,lefood-0099,0.0044052863436123352,0
0.01,1,lefood-0100,0.70731707317073167,0.46568567445267955
0.01,1,lefood-0101,0.32236842105263158,0.23819034302202968
0.01,1,lefood-0102,0.98907103825136611,0.79937782417160275
0.01,1,lefood-0103,0.79234972677595628,0.65259882145175396
0.01,1,lefood-0104,0.10778443113772455,0.15915176177868584
0.01,1,lefood-0105,0.18620689655172415,0.016660083082590649
0.01,1,lefood-0106,0.82631578947368423,0.58133559862397277
0.01,1,lefood-0107,0.81142857142857139,0.70548660584687117
0.01,1,lefood-0108,0,0.12202708733815126
0.01,1,lefood-0109,0.43548387096774194,0.69212705210211789
0.01,1,lefood-0110,0,0.10854222874345421
0.01,1,lefood-0111,0.60256410256410253,0.50333236929250691
0.01,1,lefood-0112,0.63758389261744963,0.50058445217064396
0.01,1,lefood-0113,0.015503875968992248,0.12311589511944446
0.01,1,lefood-0114,0.87730061349693256,1
0.01,1,lefood-0115,1,0.90905925046541247
0.01,1,lefood-0116,0.95833333333333337,1
0.01,1,lefood-0117,0,0.66736994946523631
0.01,1,lefood-0118,0.49677419354838709,0
0.01,1,lefood-0119,0.032051282051282048,0.36735084340029867
0.01,1,lefood-0120,0.54482758620689653,0.56283875397416738
0.01,1,lefood-0121,0.98684210526315785,0.89600547646805873
0.01,1,lefood-0122,0,0
0.01,1,lefood-0123,0.99315068493150682,0.66033423304839045
0.01,1,lefood-0124,0,0.11947555772761448
0.01,1,lefood-0125,0.5220588235294118,0.72548667120805876
0.01,1,lefood-0126,0.5,0.41855266914455491
0.01,1,lefood-0127,0.071428571428571425,0
0.01,1,lefood-0128,0,0.022522734448800874
0.01,1,lefood-0130,1,1
0.01,1,lefood-0131,0,0.078401858645701039
0.01,1,lefood-0132,0.99024390243902438,0.77183798378304802
0.01,1,lefood-0133,0,0.089536784225686783
0.01,1,lefood-0134,0.10596026490066225,0.10973654078959855
0.01,1,lefood-0135,0.7133757961783439,0.6958373910127803
0.01,1,lefood-0136,0,0.0088586536943655592
0.01,1,lefood-0137,0,0.22491821748780905
0.01,1,lefood-0138,0,0.17808176738548703
0.01,1,lefood-0139,0,0.19301431575511208
0.01,1,lefood-0140,0.17088607594936708,0.11530048588144276
0.01,1,lefood-0142,0.0057471264367816091,0.067459164453841369
0.01,1,lefood-0143,0.77058823529411768,0.86011334458315625
0.01,1,lefood-0144,0.010526315789473684,0.1496953514037323
0.01,1,lefood-0145,0.011494252873563218,0.076354972680123756
0.01,1,lefood-0146,0.989247311827957,0.86653716110966605
0.01,1,lefood-0147,0.40437158469945356,0.39425356123298955
0.01,1,lefood-0148,0.55952380952380953,0.56258021808802117
0.01,1,lefood-0149,0.73584905660377353,0.76269485408964965
0.01,1,lefood-0150,0.99375000000000002,1
0.01,1,lefood-0151,0.79081632653061229,0.86253470032629742
0.01,1,lefood-0152,0.51891891891891895,0.51485989898469953
0.01,1,lefood-0153,0,0.35571764123630711
0.01,1,lefood-0154,0,0
0.01,1,lefood-0155,0.36477987421383645,0.024850345429178411
0.01,1,lefood-0156,0.084337349397590355,0
0.01,1,lefood-0157,0.67701863354037262,0.70213435364389865
0.01,1,lefood-0158,0.033333333333333333,0.025144602805023064
0.01,1,lefood-0203,0.13636363636363635,0
0.01,1,lefood-0204,0.058823529411764705,0
0.01,1,lefood-0205,0.87804878048780488,1
0.01,1,lefood-0206,0.022727272727272728,0
0.01,1,lefood-0228,0.57352941176470584,0.78080907986868464
0.01,1,lefood-0229,0.46875,0.53220792092665681
0.01,1,lefood-0230,0.96491228070175439,0.8211291039876647
0.01,1,lefood-0231,0,0
0.01,1,lefood-0232,0.98275862068965514,0.94385194710631271
0.01,1,lefood-0233,0,0
0.01,1,lefood-0234,0.18390804597701149,0.097682174029328217
0.01,1,lefood-0235,0,0
0.01,1,lefood-0236,0.95454545454545459,0.75680816219497238
0.01,1,lefood-0295,0,0.06236663430367162
0.01,1,lefood-0296,0.70454545454545459,0.78904717397471869
0.01,1,lefood-0297,0.31666666666666665,0.54351166184507638
0.01,1,lefood-0298,0,0.083498162978177637
0.01,1,lefood-0299,0.12,0.38494471516647977
0.01,1,lefood-0300,0,0
0.01,1,lefood-0301,0.91891891891891897,0.68730022916340228
0.01,1,lefood-0302,0.27083333333333331,0.56295431474179902
0.01,1,lefood-0303,0,0.35412057730009922
0.01,1,lefood-0304,0.90909090909090906,0.91190507402341625
0.01,1,lefood-0305,0.43478260869565216,0.3398192231087741
0.01,1,lefood-0306,0,0
0.01,1,lefood-0307,0,0
0.01,1,lefood-0308,0.083333333333333329,0
0.01,3,lefood-0159,1,1
0.01,3,lefood-0181,0.0625,0.30315085260999797
0.01,3,lefood-0182,1,0.64637878778547919
0.01,3,lefood-0272,1,0.89657488954099585
0.01,3,lefood-0273,0.97619047619047616,0.86502654623190234
0.01,3,lefood-0274,0.46000000000000002,0.76350955808961163
0.01,3,lefood-0275,0,0.018834845103476994
0.01,3,lefood-0276,0.55223880597014929,0.86492394882396917
0.01,3,lefood-0277,0.3888888888888889,0.71390563883728941
0.01,3,lefood-0278,0,0.17509636371032306
0.01,3,lefood-0279,0.33823529411764708,0.20992665003242689
0.01,3,lefood-0280,0.12280701754385964,0.010501593255260566
0.01,3,lefood-0281,0.65384615384615385,0.90941004651400381
0.01,3,lefood-0282,0.51724137931034486,0.86616417228907783
0.01,3,lefood-0283,0.97959183673469385,1
0.01,3,lefood-0284,0,0
0.01,3,lefood-0285,0,0.068627342259448776
0.01,3,lefood-0286,0.44444444444444442,0.44913025142473895
0.01,3,lefood-0287,0,0.14092381288330164
0.01,3,lefood-0288,0.41176470588235292,0.52608628802971258
0.01,3,lefood-0289,0,0.12941255795298784
0.01,3,lefood-0290,0,0.16840154716425593
0.01,3,lefood-0291,0.47999999999999998,0.30254178141246246
0.01,3,lefood-0292,0.020408163265306121,0
0.01,3,lefood-0293,0,0
0.01,3,lefood-0309,0,0.34040756670994554
0.01,3,lefood-0310,0,0.17432933877996237
0.01,3,lefood-0311,0.32608695652173914,0.47192718980391646
0.01,3,lefood-0312,0,0.060430600057801265
0.01,3,lefood-0313,0.46153846153846156,0.39443453009422991
0.01,3,lefood-0314,0.068965517241379309,0.13425830330910762
0.01,3,lefood-0315,0,0
0.01,3,lefood-0317,0.98245614035087714,0.68955639823944381
0.01,3,lefood-0318,0,0.19050834615286008
0.01,3,lefood-0319,1,1
0.01,3,lefood-0320,0.85416666666666663,0
0.01,3,lefood-0321,0,0.18450090650864159
0.01,3,lefood-0322,0,0.050673868288590995
0.01,3,lefood-0323,0,0.39061630245174472
0.01,3,lefood-0324,0.97777777777777775,0.91362387562895786
0.01,3,lefood-0325,0.081632653061224483,0.28248058540097432
0.01,3,lefood-0326,0,0.088796615109915433
0.01,3,lefood-0327,0,0.15922854778346882
0.01,3,lefood-0328,0,0.31632597743559471
0.01,3,lefood-0330,0.46296296296296297,0.57732193958218758
0.01,3,lefood-0336,0.16,0.35118048260757762
0.01,3,lefood-0337,0.54166666666666663,0.91852605838185164
0.01,3,lefood-0338,0,0.23796453747031943
0.01,3,lefood-0339,0.65217391304347827,0.695558185796324
0.01,3,lefood-0340,0,0.19136223502825117
0.01,3,lefood-0368,0,0
0.01,3,lefood-0369,0.72222222222222221,0.5917184849416568
0.01,3,lefood-0370,1,0.82534129637502951
0.01,3,lefood-0372,0,0
0.01,3,lefood-0373,0,0
0.01,3,lefood-0374,0,0
0.01,3,lefood-0375,0,0
0.01,3,lefood-0376,0.53846153846153844,0.70932647190645293
0.01,3,lefood-0377,0,0.053351009453661669
0.01,3,lefood-0378,0.32558139534883723,0.47139855272635911
0.01,3,lefood-0379,0,0
0.01,3,lefood-0380,0,0.016655640458483778
0.01,3,lefood-0435,0,0.27015937121246497
0.01,3,lefood-0436,0.82857142857142863,0.81011210588853766
0.01,3,lefood-0437,0.58695652173913049,0.6076974998186272
0.01,3,lefood-0438,0.64912280701754388,0.70696804490880338
0.01,3,lefood-0439,0,0.22493991518200898
0.01,3,lefood-0440,0,0
0.01,3,lefood-0441,0.64864864864864868,0.89040016459143345
0.01,3,lefood-0442,0.92500000000000004,1
0.01,3,lefood-0443,0.80645161290322576,0.90651175772458636
0.01,3,lefood-0444,0.89189189189189189,1
0.01,3,lefood-0445,0,0.14627030287722231
0.01,3,lefood-0446,0.97222222222222221,1
0.01,3,lefood-0447,0.96551724137931039,1
0.01,3,lefood-0448,0,0.18522945224123771
0.01,3,lefood-0449,0.86046511627906974,0.66049110582226223
0.01,3,lefood-0450,0.1951219512195122,0.35156365415734514
0.01,3,lefood-0451,0.88888888888888884,0.9905859692144543
0.01,3,lefood-0452,0.65000000000000002,1
0.01,3,lefood-0453,0,0.34892455200278932
0.01,3,lefood-0504,1,1
0.01,3,lefood-0505,0.96551724137931039,0.9852573114854527
0.01,3,lefood-0506,0,0.30582639723556543
0.01,3,lefood-0507,0.7407407407407407,0.32247087849198092
0.01,3,lefood-0508,0.53333333333333333,0.84080615981754414
0.01,3,lefood-0509,0.33333333333333331,0.63243851298784737
0.01,3,lefood-0510,0,0.31019520938290157
0.01,3,lefood-0511,0,0.30323689859434699
0.01,3,lefood-0512,0.80000000000000004,0.90761608956479911
0.01,3,lefood-0513,0,0.47408247622720168
0.01,3,lefood-0514,0.77777777777777779,1
0.01,3,lefood-0515,1,0.92553485133611924
0.01,3,lefood-0516,0.94999999999999996,0.81037551155215426
0.01,3,lefood-0517,0,0.18833347073419479
0.01,3,lefood-0518,0,0.1440701304537905
0.01,3,lefood-0519,0,0.29544386550840196
0.01,3,lefood-0520,0,0.5313972228967504
0.01,3,lefood-0521,0.74358974358974361,0.99286371929030592
0.01,3,lefood-0522,0,0
0.01,3,lefood-0523,0.43333333333333335,0.89036446572451811
0.01,3,lefood-0524,0.033333333333333333,0.21951304110228353
0.01,3,lefood-0525,0.2857142857142857,0.35381703454958324
0.01,4,lefood-0001,0.96209912536443154,0.83759910896522238
0.01,4,lefood-0160,0.5357142857142857,0.71779447962087706
0.01,4,lefood-0161,0,0.035696751932179194
0.01,4,lefood-0162,0,0
0.01,4,lefood-0163,0,0
0.01,4,lefood-0164,0,0.24285771723685443
0.01,4,lefood-0166,0.037037037037037035,0.12798314062786748
0.01,4,lefood-0167,0,0
0.01,4,lefood-0168,0,0.0043473803522993681
0.01,4,lefood-0169,0.2857142857142857,0.32092790244873204
0.01,4,lefood-0170,0,0
0.01,4,lefood-0171,0,0.28585843941018529
0.01,4,lefood-0172,0.61904761904761907,0.77735810087585233
0.01,4,lefood-0173,0,0.12546951308941179
0.01,4,lefood-0174,0,0
0.01,4,lefood-0175,0,0
0.01,4,lefood-0177,0,0.1005345831068522
0.01,4,lefood-0178,0,0
0.01,4,lefood-0183,0.074999999999999997,0.42845334212393948
0.01,4,lefood-0184,0.6071428571428571,0.20196289134669174
0.01,4,lefood-0185,1,0.6791827987328185
0.01,4,lefood-0187,0,0.13079041812840123
0.01,4,lefood-0188,0,0
0.01,4,lefood-0189,0,0.0026846260050549242
0.01,4,lefood-0190,0.36734693877551022,0.29600155032282727
0.01,4,lefood-0191,1,0.72743888693048087
0.01,4,lefood-0192,0.46153846153846156,0.88711568105045346
0.01,4,lefood-0194,0,0.25935547376880896
0.01,4,lefood-0195,1,0.88184842021736864
0.01,4,lefood-0196,0.97222222222222221,0.75630880670064582
0.01,4,lefood-0197,0,0.13135710855958505
0.01,4,lefood-0198,0.64102564102564108,0.82001044899423459
0.01,4,lefood-0200,0.20512820512820512,0.51816314396064045
0.01,4,lefood-0201,0,0
0.01,4,lefood-0202,0,0
0.01,4,lefood-0341,0.73684210526315785,0.79889037215906566
0.01,4,lefood-0342,0.95238095238095233,0.740305582724188
0.01,4,lefood-0343,0,0.27381481111986117
0.01,4,lefood-0344,0,0.27840756000947242
0.01,4,lefood-0362,0.82758620689655171,0.47725988439918754
0.01,4,lefood-0363,0,0
0.01,4,lefood-0364,0,0.066495605850106332
0.01,4,lefood-0365,0,0.036719446462295469
0.01,4,lefood-0366,0,0
0.01,4,lefood-0367,0,0.083324924106783771
0.01,4,lefood-0388,0.94285714285714284,0.7945263446337596
0.01,4,lefood-0389,1,0.86934803595075194
0.01,4,lefood-0391,0.97142857142857142,0.68713381544022112
0.01,4,lefood-0392,0,0.10671395493931685
0.01,4,lefood-0393,0.95522388059701491,0.72587055316982374
0.01,4,lefood-0394,0.92156862745098034,0.78728626950118508
0.01,4,lefood-0395,0,0
0.01,4,lefood-0396,1,0.9973921097374403
0.01,4,lefood-0397,0,0
0.01,4,lefood-0398,1,0.56492339279355075
0.01,4,lefood-0399,0,0.16035931356728128
0.01,4,lefood-0400,0,1
0.01,4,lefood-0401,0,0.19736836121984494
0.01,4,lefood-0402,0,0.21103123958960859
0.01,4,lefood-0403,0.97142857142857142,0.78053304307537896
0.01,4,lefood-0404,0,0.28639806478440893
0.01,4,lefood-0405,0,0.18591444574223323
0.01,4,lefood-0407,0.97222222222222221,0.79712815239821277
0.01,4,lefood-0408,0,0
0.01,4,lefood-0409,0.97142857142857142,0.51427316296208025
0.01,4,lefood-0410,0.88372093023255816,0.57208511087968206
0.01,4,lefood-0411,1,0.84671490759761903
0.01,4,lefood-0412,1,0.98088065284043213
0.01,4,lefood-0413,0,0
0.01,4,lefood-0414,0,0.15628860791497984
0.01,4,lefood-0415,0,0.014191129439595052
0.01,4,lefood-0416,1,0.76618008844549634
0.01,4,lefood-0417,0,0
0.01,4,lefood-0418,0,0
0.01,4,lefood-0419,0,0
0.01,4,lefood-0420,0,0.14226487124449302
0.01,4,lefood-0421,0,0.091534133561046949
0.01,4,lefood-0422,0,0.016411903176184461
0.01,4,lefood-0423,0.42857142857142855,0.52322550362435538
0.01,4,lefood-0424,0,0.10550838897559511
0.01,4,lefood-0426,0,0.2840778169111654
0.01,4,lefood-0427,0.59259259259259256,0.44511964370426954
0.01,4,lefood-0428,0,0.050733724491214716
0.01,4,lefood-0429,0.33333333333333331,0.30252070858014801
0.01,4,lefood-0430,0,0
0.01,4,lefood-0431,0,0.0032840818485083134
0.01,4,lefood-0432,0,0
0.01,4,lefood-0433,0,0
0.01,4,lefood-0454,0.10810810810810811,0.38390495189932783
0.01,4,lefood-0456,0.5,0.92267978491484604
0.01,4,lefood-0457,0,0
0.01,4,lefood-0493,0,0.048508794139182909
0.01,4,lefood-0494,0,0.13555078240200485
0.01,4,lefood-0495,0.13333333333333333,0.35085454771021923
0.01,4,lefood-0496,1,1
0.01,4,lefood-0497,0.1111111111111111,0.15346656942017151
0.01,4,lefood-0498,1,0.7224060353975279
0.01,4,lefood-0499,0,0.027281405249427293
0.01,4,lefood-0500,1,0.89508024886783732
0.01,4,lefood-0501,1,0.82788137736156409
0.01,4,lefood-0502,0.47368421052631576,0.66435667165498147
0.01,4,lefood-0503,1,0.86056810823212904
0.1,0,lefood-0002,0.93846153846153846,0.93815601589819886
0.1,0,lefood-0003,0.94074074074074077,0.81087281983546478
0.1,0,lefood-0004,0.0068493150684931503,0
0.1,0,lefood-0005,0.17985611510791366,0.42169504453706563
0.1,0,lefood-0006,0.99411764705882355,0.87189254800549953
0.1,0,lefood-0007,0.31213872832369943,0.14647497655126107
0.1,0,lefood-0008,0.007246376811594203,0.23803850018292275
0.1,0,lefood-0009,0.55905511811023623,0.72259992358058267
0.1,0,lefood-0010,0.65957446808510634,0.33439157673317782
0.1,0,lefood-0011,0.86178861788617889,0.60768692297660776
0.1,0,lefood-0012,0.12592592592592591,0.31647166575425895
0.1,0,lefood-0013,0.52513966480446927,0.64031742180426954
0.1,0,lefood-0014,0,0.28522765903909542
0.1,0,lefood-0015,1,0.91444802334767994
0.1,0,lefood-0016,0.4358974358974359,0.49454078943445934
0.1,0,lefood-0017,0.041095890410958902,0.10743235540299373
0.1,0,lefood-0018,0.26666666666666666,0.0054310920466508206
0.1,0,lefood-0019,0,0.13297855420607219
0.1,0,lefood-0020,0.98369565217391308,0.83562810965372059
0.1,0,lefood-0021,0.46575342465753422,0.57985523962400864
0.1,0,lefood-0022,0,0.39867417753405349
0.1,0,lefood-0023,0,0.19145464907845874
0.1,0,lefood-0024,0.87349397590361444,1
0.1,0,lefood-0025,0,0
0.1,0,lefood-0026,0.3728813559322034,0.39250166417134602
0.1,0,lefood-0027,1,0.90147991363101698
0.1,0,lefood-0028,1,0.88808553026822601
0.1,0,lefood-0029,0.96825396825396826,0.86313117319583632
0.1,0,lefood-0030,0.99019607843137258,0.76313799689899964
0.1,0,lefood-0031,0.077669902912621352,0.082760109111021052
0.1,0,lefood-0032,0,0.021113199067194111
0.1,0,lefood-0033,0.27272727272727271,0.71434661390329124
0.1,0,lefood-0034,0.31223628691983124,0.76266881830718947
0.1,0,lefood-0035,0,0.042582353866364886
0.1,0,lefood-0036,0.51265822784810122,0.50376610361505536
0.1,0,lefood-0037,0,0
0.1,0,lefood-0038,0,0.2792693263247592
0.1,0,lefood-0039,0.11764705882352941,0.20205052588093822
0.1,0,lefood-0040,0,0
0.1,0,lefood-0041,0.76190476190476186,0.5517699438708692
0.1,0,lefood-0043,0.53020134228187921,0.7651874907974181
0.1,0,lefood-0044,0,0.022456168768767604
0.1,0,lefood-0045,0.21348314606741572,0.079274569956887975
0.1,0,lefood-0046,0.50285714285714289,0.42878340635395162
0.1,0,lefood-0047,0.065217391304347824,0.27863537612721145
0.1,0,lefood-0048,0.49404761904761907,0.47806220198242494
0.1,0,lefood-0049,0,0.020083560880736928
0.1,0,lefood-0050,0.73684210526315785,0.6637716923971192
0.1,0,lefood-0051,0,0.16987702129706539
0.1,0,lefood-0052,0.98461538461538467,0.93361497726375942
0.1,0,lefood-0053,0.19083969465648856,0.28965336866371083
0.1,0,lefood-0054,0,0.16922506416512811
0.1,0,lefood-0055,0.55462184873949583,0.63466622411949336
0.1,0,lefood-0056,0,0.22763042468410899
0.1,0,lefood-0057,0,0.45540623068867897
0.1,0,lefood-0058,0.88976377952755903,0.77550412954272474
0.1,0,lefood-0059,0.8671875,0.9632859082566424
0.1,0,lefood-0060,0,0.045353076791978475
0.1,0,lefood-0061,0.92561983471074383,0.84514856560367346
0.1,0,lefood-0062,0.083333333333333329,0.029385234357575285
0.1,0,lefood-0063,0.99224806201550386,0.9157869933144267
0.1,0,lefood-0064,0,0.034411489366895309
0.1,0,lefood-0065,0.96999999999999997,0.9057194096347938
0.1,0,lefood-0066,0.11382113821138211,0.31873742258272908
0.1,0,lefood-0067,0.16080402010050251,0.46047802021615508
0.1,0,lefood-0068,0.20945945945945946,0.29692175852288016
0.1,0,lefood-0069,0.92405063291139244,0.81271785543161423
0.1,0,lefood-0070,0.41935483870967744,0.53914563051361886
0.1,0,lefood-0071,0.77519379844961245,0.79333867102077649
0.1,0,lefood-0072,0.068181818181818177,0.12453858038658455
0.1,0,lefood-0073,0,0.27994518411687919
0.1,0,lefood-0074,0.9942196531791907,1
0.1,0,lefood-0075,0,0.23794297608558523
0.1,0,lefood-0076,0.45522388059701491,0.53946943892739196
0.1,0,lefood-0077,0.024,0.087602405447846698
0.1,0,lefood-0078,0,0.09298387508555106
0.1,0,lefood-0079,0,0.2413660592247126
0.1,0,lefood-0080,0,0.092599270655842891
0.1,0,lefood-0179,0.98076923076923073,1
0.1,0,lefood-0180,0.14285714285714285,0.40334786270391088
0.1,0,lefood-0345,1,0.68169726188861002
0.1,0,lefood-0346,0,0.12903062672419147
0.1,0,lefood-0348,0.083333333333333329,0.48736374703876167
0.1,0,lefood-0349,0,0.04235532804064035
0.1,0,lefood-0350,1,0.65959786464318315
0.1,0,lefood-0351,0,0
0.1,0,lefood-0353,1,0.35197996365243489
0.1,0,lefood-0354,0.94117647058823528,0.81995996753524947
0.1,0,lefood-0355,0.23529411764705882,0.46245526301482631
0.1,0,lefood-0356,0.96551724137931039,0.68621102553660707
0.1,0,lefood-0358,0.94117647058823528,0.71557165763736541
0.1,0,lefood-0359,1,0.84558774511677992
0.1,0,lefood-0360,0,0
0.1,0,lefood-0361,1,0.78254931461802935
0.1,0,lefood-0381,1,0.82059031482544798
0.1,0,lefood-0382,0,0
0.1,0,lefood-0383,0,0
0.1,0,lefood-0385,0.071428571428571425,0.1232782164469374
0.1,0,lefood-0386,0,0.117615479246161
0.1,0,lefood-0387,0,0
0.1,0,lefood-0526,1,0.94224706695038896
0.1,0,lefood-0527,0,0
0.1,0,lefood-0529,0.3235294117647059,0.32233376006054937
0.1,1,lefood-0081,0.26623376623376621,0.25546647918097465
0.1,1,lefood-0082,0.034482758620689655,0
0.1,1,lefood-0083,1,0.98884890338392417
0.1,1,lefood-0084,0.58241758241758246,0.6394105940775443
0.1,1,lefood-0085,0.3392857142857143,0.51236984851244372
0.1,1,lefood-0086,0.26190476190476192,0.40254349039436088
0.1,1,lefood-0087,0,0.35900035681517378
0.1,1,lefood-0088,0,0.096403917634546255
0.1,1,lefood-0089,0.80128205128205132,0.57648862132184109
0.1,1,lefood-0090,0.56818181818181823,0.57963421835078499
0.1,1,lefood-0091,0.70949720670391059,0.60359199254730389
0.1,1,lefood-0092,0.35714285714285715,0.68772265467083982
0.1,1,lefood-0093,0,0.065926077409872108
0.1,1,lefood-0094,0,0.21753964341047977
0.1,1,lefood-0095,0,0
0.1,1,lefood-0096,0.36842105263157893,0.42712153374147577
0.1,1,lefood-0097,0.36752136752136755,0.54944048815624202
0.1,1,lefood-0098,0,0.037317558757610447
0.1,1,lefood-0099,0.0044052863436123352,0
0.1,1,lefood-0100,0.70731707317073167,0.46591824571949714
0.1,1,lefood-0101,0.32236842105263158,0.23851944689840349
0.1,1,lefood-0102,0.98907103825136611,0.79969815340029682
0.1,1,lefood-0103,0.79234972677595628,0.65268665671617887
0.1,1,lefood-0104,0.10778443113772455,0.15923218840998182
0.1,1,lefood-0105,0.18620689655172415,0.01693782970469343
0.1,1,lefood-0106,0.82631578947368423,0.58152048629113673
0.1,1,lefood-0107,0.81142857142857139,0.70559878684830368
0.1,1,lefood-0108,0,0.12197957356857558
0.1,1,lefood-0109,0.43548387096774194,0.69217204755810979
0.1,1,lefood-0110,0,0.10845778684502649
0.1,1,lefood-0111,0.60256410256410253,0.50353557908407154
0.1,1,lefood-0112,0.63758389261744963,0.50064326638018719
0.1,1,lefood-0113,0.015503875968992248,0.12321007987557145
0.1,1,lefood-0114,0.87730061349693256,1
0.1,1,lefood-0115,1,0.90892172848273201
0.1,1,lefood-0116,0.95833333333333337,1
0.1,1,lefood-0117,0,0.66749291456042015
0.1,1,lefood-0118,0.49677419354838709,0
0.1,1,lefood-0119,0.032051282051282048,0.36720038312502185
0.1,1,lefood-0120,0.54482758620689653,0.56274457368002928
0.1,1,lefood-0121,0.98684210526315785,0.89613613874439391
0.1,1,lefood-0122,0,0
0.1,1,lefood-0123,0.99315068493150682,0.66041140981845126
0.1,1,lefood-0124,0,0.11946904573527689
0.1,1,lefood-0125,0.5220588235294118,0.7255081288762355
0.1,1,lefood-0126,0.5,0.41887595312119386
0.1,1,lefood-0127,0.071428571428571425,0
0.1,1,lefood-0128,0,0.02243372551176287
0.1,1,lefood-0130,1,1
0.1,1,lefood-0131,0,0.078322724677950206
0.1,1,lefood-0132,0.99024390243902438,0.77186623489968942
0.1,1,lefood-0133,0,0.089524822422981321
0.1,1,lefood-0134,0.10596026490066225,0.10992694756010074
0.1,1,lefood-0135,0.7133757961783439,0.69588747637061044
0.1,1,lefood-0136,0,0.0089979131157660319
0.1,1,lefood-0137,0,0.22478949881760432
0.1,1,lefood-0138,0,0.17794582421596306
0.1,1,lefood-0139,0,0.19284836498609254
0.1,1,lefood-0140,0.17088607594936708,0.11542089800342598
0.1,1,lefood-0142,0.0057471264367816091,0.067556387544484009
0.1,1,lefood-0143,0.77058823529411768,0.86015170883969594
0.1,1,lefood-0144,0.010526315789473684,0.14965552386272818
0.1,1,lefood-0145,0.011494252873563218,0.076346433542170078
0.1,1,lefood-0146,0.989247311827957,0.86671786507649151
0.1,1,lefood-0147,0.40437158469945356,0.39438353804410131
0.1,1,lefood-0148,0.55952380952380953,0.56257876839307097
0.1,1,lefood-0149,0.73584905660377353,0.76270823820691858
0.1,1,lefood-0150,0.99375000000000002,1
0.1,1,lefood-0151,0.79081632653061229,0.86269771859680899
0.1,1,lefood-0152,0.51891891891891895,0.51503315969406693
0.1,1,lefood-0153,0,0.35569113879230274
0.1,1,lefood-0154,0,0
0.1,1,lefood-0155,0.36477987421383645,0.025171529965844708
0.1,1,lefood-0156,0.084337349397590355,0
0.1,1,lefood-0157,0.67701863354037262,0.70220977365735093
0.1,1,lefood-0158,0.033333333333333333,0.025273733332981385
0.1,1,lefood-0203,0.13636363636363635,0
0.1,1,lefood-0204,0.058823529411764705,0
0.1,1,lefood-0205,0.87804878048780488,1
0.1,1,lefood-0206,0.022727272727272728,0
0.1,1,lefood-0228,0.57352941176470584,0.78061054649630568
0.1,1,lefood-0229,0.46875,0.53225147413909457
0.1,1,lefood-0230,0.96491228070175439,0.82085290901505126
0.1,1,lefood-0231,0,0
0.1,1,lefood-0232,0.98275862068965514,0.94359414398299091
0.1,1,lefood-0233,0,0
0.1,1,lefood-0234,0.18390804597701149,0.097706707473677823
0.1,1,lefood-0235,0,0
0.1,1,lefood-0236,0.95454545454545459,0.75658811688103189
0.1,1,lefood-0295,0,0.062241389229545141
0.1,1,lefood-0296,0.70454545454545459,0.78904800996428304
0.1,1,lefood-0297,0.31666666666666665,0.54342824827449965
0.1,1,lefood-0298,0,0.0832975096234016
0.1,1,lefood-0299,0.12,0.38503408660816635
0.1,1,lefood-0300,0,0
0.1,1,lefood-0301,0.91891891891891897,0.68739694639051985
0.1,1,lefood-0302,0.27083333333333331,0.56280348326366703
0.1,1,lefood-0303,0,0.35410878689822456
0.1,1,lefood-0304,0.90909090909090906,0.9116684430904568
0.1,1,lefood-0305,0.43478260869565216,0.33986885614442697
0.1,1,lefood-0306,0,0
0.1,1,lefood-0307,0,0
0.1,1,lefood-0308,0.083333333333333329,0
0.1,3,lefood-0159,1,1
0.1,3,lefood-0181,0.0625,0.3031340054607547
0.1,3,lefood-0182,1,0.6466008504348657
0.1,3,lefood-0272,1,0.89680330582349987
0.1,3,lefood-0273,0.97619047619047616,0.86503166313177449
0.1,3,lefood-0274,0.46000000000000002,0.76361530140602818
0.1,3,lefood-0275,0,0.018894471498866527
0.1,3,lefood-0276,0.55223880597014929,0.86490298393559206
0.1,3,lefood-0277,0.3888888888888889,0.7139134084206431
0.1,3,lefood-0278,0,0.17499905547595176
0.1,3,lefood-0279,0.33823529411764708,0.20997773482364382
0.1,3,lefood-0280,0.12280701754385964,0.010619845906014558
0.1,3,lefood-0281,0.65384615384615385,0.90944358623376098
0.1,3,lefood-0282,0.51724137931034486,0.86631233626788395
0.1,3,lefood-0283,0.97959183673469385,1
0.1,3,lefood-0284,0,0
0.1,3,lefood-0285,0,0.068651724802070657
0.1,3,lefood-0286,0.44444444444444442,0.44932193241326729
0.1,3,lefood-0287,0,0.14089980790222634
0.1,3,lefood-0288,0.41176470588235292,0.52622440714273133
0.1,3,lefood-0289,0,0.12932436362794175
0.1,3,lefood-0290,0,0.16822805207599911
0.1,3,lefood-0291,0.47999999999999998,0.30276871651040232
0.1,3,lefood-0292,0.020408163265306121,0
0.1,3,lefood-0293,0,0
0.1,3,lefood-0309,0,0.34009611721830368
0.1,3,lefood-0310,0,0.17415083138381882
0.1,3,lefood-0311,0.32608695652173914,0.4719236517010108
0.1,3,lefood-0312,0,0.060278703034347514
0.1,3,lefood-0313,0.46153846153846156,0.39437388517068778
0.1,3,lefood-0314,0.068965517241379309,0.13422884249011424
0.1,3,lefood-0315,0,0
0.1,3,lefood-0317,0.98245614035087714,0.68958230473435922
0.1,3,lefood-0318,0,0.19035581842418448
0.1,3,lefood-0319,1,1
0.1,3,lefood-0320,0.85416666666666663,0
0.1,3,lefood-0321,0,0.18434019855476785
0.1,3,lefood-0322,0,0.05065094585306168
0.1,3,lefood-0323,0,0.39041300450631955
0.1,3,lefood-0324,0.97777777777777775,0.91350663386641351
0.1,3,lefood-0325,0.081632653061224483,0.28239805525303774
0.1,3,lefood-0326,0,0.088866045334335952
0.1,3,lefood-0327,0,0.15909346400877233
0.1,3,lefood-0328,0,0.31603545826340279
0.1,3,lefood-0330,0.46296296296296297,0.57716238830597444
0.1,3,lefood-0336,0.16,0.35134529024028044
0.1,3,lefood-0337,0.54166666666666663,0.91842085095264669
0.1,3,lefood-0338,0,0.23799013664055066
0.1,3,lefood-0339,0.65217391304347827,0.69549192329618303
0.1,3,lefood-0340,0,0.19160172390207325
0.1,3,lefood-0368,0,0
0.1,3,lefood-0369,0.72222222222222221,0.59187401218157132
0.1,3,lefood-0370,1,0.82545459040535207
0.1,3,lefood-0372,0,0
0.1,3,lefood-0373,0,0
0.1,3,lefood-0374,0,0
0.1,3,lefood-0375,0,0
0.1,3,lefood-0376,0.53846153846153844,0.70940043081568516
0.1,3,lefood-0377,0,0.053252974974082323
0.1,3,lefood-0378,0.32558139534883723,0.47137594131672811
0.1,3,lefood-0379,0,0
0.1,3,lefood-0380,0,0.016650020814743649
0.1,3,lefood-0435,0,0.26996890937463314
0.1,3,lefood-0436,0.82857142857142863,0.81006340517699083
0.1,3,lefood-0437,0.58695652173913049,0.60787438361408375
0.1,3,lefood-0438,0.64912280701754388,0.70711090401534382
0.1,3,lefood-0439,0,0.22508975672748543
0.1,3,lefood-0440,0,0
0.1,3,lefood-0441,0.64864864864864868,0.8904648273686413
0.1,3,lefood-0442,0.92500000000000004,1
0.1,3,lefood-0443,0.80645161290322576,0.90640951524374391
0.1,3,lefood-0444,0.89189189189189189,1
0.1,3,lefood-0445,0,0.14624325491209675
0.1,3,lefood-0446,0.97222222222222221,1
0.1,3,lefood-0447,0.96551724137931039,1
0.1,3,lefood-0448,0,0.18546314038516235
0.1,3,lefood-0449,0.86046511627906974,0.66046925858291083
0.1,3,lefood-0450,0.1951219512195122,0.35144140791292094
0.1,3,lefood-0451,0.88888888888888884,0.99049646383019696
0.1,3,lefood-0452,0.65000000000000002,1
0.1,3,lefood-0453,0,0.34863167331775258
0.1,3,lefood-0504,1,1
0.1,3,lefood-0505,0.96551724137931039,0.985165071404833
0.1,3,lefood-0506,0,0.30571105941497451
0.1,3,lefood-0507,0.7407407407407407,0.3222236312523693
0.1,3,lefood-0508,0.53333333333333333,0.84047053440216313
0.1,3,lefood-0509,0.33333333333333331,0.63225557345321803
0.1,3,lefood-0510,0,0.31002644798559531
0.1,3,lefood-0511,0,0.30313765027538569
0.1,3,lefood-0512,0.80000000000000004,0.90749175537237281
0.1,3,lefood-0513,0,0.47362211325555714
0.1,3,lefood-0514,0.77777777777777779,1
0.1,3,lefood-0515,1,0.9254534042257756
0.1,3,lefood-0516,0.94999999999999996,0.81035471243282475
0.1,3,lefood-0517,0,0.18832490424042966
0.1,3,lefood-0518,0,0.14379740375191113
0.1,3,lefood-0519,0,0.29512843327301008
0.1,3,lefood-0520,0,0.53086009953343472
0.1,3,lefood-0521,0.74358974358974361,0.99224163525010978
0.1,3,lefood-0522,0,0
0.1,3,lefood-0523,0.43333333333333335,0.89008660600638101
0.1,3,lefood-0524,0.033333333333333333,0.2193798719746794
0.1,3,lefood-0525,0.2857142857142857,0.35363291376613837
0.1,4,lefood-0001,0.96209912536443154,0.83779891393856309
0.1,4,lefood-0160,0.5357142857142857,0.7176881151004042
0.1,4,lefood-0161,0,0.03578420981807956
0.1,4,lefood-0162,0,0
0.1,4,lefood-0163,0,0
0.1,4,lefood-0164,0,0.24272327425356394
0.1,4,lefood-0166,0.037037037037037035,0.1281384432789944
0.1,4,lefood-0167,0,0
0.1,4,lefood-0168,0,0.0043833524799535284
0.1,4,lefood-0169,0.2857142857142857,0.32087459538828594
0.1,4,lefood-0170,0,0
0.1,4,lefood-0171,0,0.28563110334981345
0.1,4,lefood-0172,0.61904761904761907,0.77721191634188735
0.1,4,lefood-0173,0,0.12538453925130788
0.1,4,lefood-0174,0,0
0.1,4,lefood-0175,0,0
0.1,4,lefood-0177,0,0.10037774166413072
0.1,4,lefood-0178,0,0
0.1,4,lefood-0183,0.074999999999999997,0.42828246762888067
0.1,4,lefood-0184,0.6071428571428571,0.20206580392643794
0.1,4,lefood-0185,1,0.67930344371255136
0.1,4,lefood-0187,0,0.13059972743458587
0.1,4,lefood-0188,0,0
0.1,4,lefood-0189,0,0.002714980573387149
0.1,4,lefood-0190,0.36734693877551022,0.29596303654216405
0.1,4,lefood-0191,1,0.72761320998471946
0.1,4,lefood-0192,0.46153846153846156,0.8871169783573214
0.1,4,lefood-0194,0,0.25918864055890184
0.1,4,lefood-0195,1,0.88195877008057533
0.1,4,lefood-0196,0.97222222222222221,0.75633184439352585
0.1,4,lefood-0197,0,0.13130085551729812
0.1,4,lefood-0198,0.64102564102564108,0.81991237147148099
0.1,4,lefood-0200,0.20512820512820512,0.51816355600917274
0.1,4,lefood-0201,0,0
0.1,4,lefood-0202,0,0
0.1,4,lefood-0341,0.73684210526315785,0.79862347991855187
0.1,4,lefood-0342,0.95238095238095233,0.74009226774699854
0.1,4,lefood-0343,0,0.27373998627358109
0.1,4,lefood-0344,0,0.27818557601310184
0.1,4,lefood-0362,0.82758620689655171,0.47738914759801243
0.1,4,lefood-0363,0,0
0.1,4,lefood-0364,0,0.066314460262646147
0.1,4,lefood-0365,0,0.036613640828927208
0.1,4,lefood-0366,0,0
0.1,4,lefood-0367,0,0.08310408642737116
0.1,4,lefood-0388,0.94285714285714284,0.79452145997164259
0.1,4,lefood-0389,1,0.86931298613196994
0.1,4,lefood-0391,0.97142857142857142,0.68731242876758336
0.1,4,lefood-0392,0,0.106721025425148
0.1,4,lefood-0393,0.95522388059701491,0.72595645306150902
0.1,4,lefood-0394,0.92156862745098034,0.78751615464599611
0.1,4,lefood-0395,0,0
0.1,4,lefood-0396,1,0.99739154860873858
0.1,4,lefood-0397,0,0
0.1,4,lefood-0398,1,0.5649515092824644
0.1,4,lefood-0399,0,0.16027669187971388
0.1,4,lefood-0400,0,1
0.1,4,lefood-0401,0,0.19729022111513489
0.1,4,lefood-0402,0,0.21083493177113566
0.1,4,lefood-0403,0.97142857142857142,0.78054690218300427
0.1,4,lefood-0404,0,0.28615720986870335
0.1,4,lefood-0405,0,0.18588262294159985
0.1,4,lefood-0407,0.97222222222222221,0.79709526762188854
0.1,4,lefood-0408,0,0
0.1,4,lefood-0409,0.97142857142857142,0.51443327077345602
0.1,4,lefood-0410,0.88372093023255816,0.57219889342376962
0.1,4,lefood-0411,1,0.84660219606289733
0.1,4,lefood-0412,1,0.98070417267943633
0.1,4,lefood-0413,0,0
0.1,4,lefood-0414,0,0.15626443671159396
0.1,4,lefood-0415,0,0.014136729259083991
0.1,4,lefood-0416,1,0.76609439349443553
0.1,4,lefood-0417,0,0
0.1,4,lefood-0418,0,0
0.1,4,lefood-0419,0,0
0.1,4,lefood-0420,0,0.14218899107618524
0.1,4,lefood-0421,0,0.091349968689534211
0.1,4,lefood-0422,0,0.016463380019964668
0.1,4,lefood-0423,0.42857142857142855,0.52326414991494663
0.1,4,lefood-0424,0,0.10549633528477376
0.1,4,lefood-0426,0,0.28363953830344074
0.1,4,lefood-0427,0.59259259259259256,0.44522272037543026
0.1,4,lefood-0428,0,0.050754729044353464
0.1,4,lefood-0429,0.33333333333333331,0.30256319911866619
0.1,4,lefood-0430,0,0
0.1,4,lefood-0431,0,0.0034448707021832448
0.1,4,lefood-0432,0,0
0.1,4,lefood-0433,0,0
0.1,4,lefood-0454,0.10810810810810811,0.38380651291183676
0.1,4,lefood-0456,0.5,0.92258419020849636
0.1,4,lefood-0457,0,0
0.1,4,lefood-0493,0,0.048414757529740171
0.1,4,lefood-0494,0,0.13561438707853998
0.1,4,lefood-0495,0.13333333333333333,0.35075502770971728
0.1,4,lefood-0496,1,1
0.1,4,lefood-0497,0.1111111111111111,0.15348127230284891
0.1,4,lefood-0498,1,0.72242643012532626
0.1,4,lefood-0499,0,0.027254201771594377
0.1,4,lefood-0500,1,0.89502528706191886
0.1,4,lefood-0501,1,0.82792499928041452
0.1,4,lefood-0502,0.47368421052631576,0.66426569754314824
0.1,4,lefood-0503,1,0.86048871300910079
1,0,lefood-0002,0.93846153846153846,0.93829036818804878
1,0,lefood-0003,0.94074074074074077,0.81049947039721415
1,0,lefood-0004,0.0068493150684931503,0
1,0,lefood-0005,0.17985611510791366,0.42188351519201339
1,0,lefood-0006,0.99411764705882355,0.87093214782884132
1,0,lefood-0007,0.31213872832369943,0.14636353351008269
1,0,lefood-0008,0.007246376811594203,0.23653599348799531
1,0,lefood-0009,0.55905511811023623,0.72472699736768198
1,0,lefood-0010,0.65957446808510634,0.33459801953813012
1,0,lefood-0011,0.86178861788617889,0.60867016891144643
1,0,lefood-0012,0.12592592592592591,0.31762714735768544
1,0,lefood-0013,0.52513966480446927,0.64119826629895094
1,0,lefood-0014,0,0.28303276522726484
1,0,lefood-0015,1,0.91380006988104745
1,0,lefood-0016,0.4358974358974359,0.49400987532156215
1,0,lefood-0017,0.041095890410958902,0.10664998431662021
1,0,lefood-0018,0.26666666666666666,0.0054668172312988261
1,0,lefood-0019,0,0.13248940143965682
1,0,lefood-0020,0.98369565217391308,0.83572473683095194
1,0,lefood-0021,0.46575342465753422,0.57996244069786373
1,0,lefood-0022,0,0.39556658581611248
1,0,lefood-0023,0,0.19055175204745925
1,0,lefood-0024,0.87349397590361444,1
1,0,lefood-0025,0,0
1,0,lefood-0026,0.3728813559322034,0.39291761888141136
1,0,lefood-0027,1,0.90126223716740395
1,0,lefood-0028,1,0.88781949582079522
1,0,lefood-0029,0.96825396825396826,0.86341153173108287
1,0,lefood-0030,0.99019607843137258,0.76335205460910449
1,0,lefood-0031,0.077669902912621352,0.08363945363130082
1,0,lefood-0032,0,0.021685527021028439
1,0,lefood-0033,0.27272727272727271,0.71271256040450071
1,0,lefood-0034,0.31223628691983124,0.76185147947800202
1,0,lefood-0035,0,0.042753394201925365
1,0,lefood-0036,0.51265822784810122,0.50437221068232485
1,0,lefood-0037,0,0
1,0,lefood-0038,0,0.27812927293323009
1,0,lefood-0039,0.11764705882352941,0.20323305695649996
1,0,lefood-0040,0,0
1,0,lefood-0041,0.76190476190476186,0.55171783020306542
1,0,lefood-0043,0.53020134228187921,0.76480543159930625
1,0,lefood-0044,0,0.022410188824465105
1,0,lefood-0045,0.21348314606741572,0.077837117661605892
1,0,lefood-0046,0.50285714285714289,0.4303986169781765
1,0,lefood-0047,0.065217391304347824,0.27876484863536666
1,0,lefood-0048,0.49404761904761907,0.47905399915832225
1,0,lefood-0049,0,0.019774736472183863
1,0,lefood-0050,0.73684210526315785,0.66374817182029733
1,0,lefood-0051,0,0.16943333739726135
1,0,lefood-0052,0.98461538461538467,0.93305179826005391
1,0,lefood-0053,0.19083969465648856,0.28998086039459336
1,0,lefood-0054,0,0.16859042137562391
1,0,lefood-0055,0.55462184873949583,0.63558249015124968
1,0,lefood-0056,0,0.22623975756158041
1,0,lefood-0057,0,0.4523872003193341
1,0,lefood-0058,0.88976377952755903,0.77569042176082248
1,0,lefood-0059,0.8671875,0.96214472209645541
1,0,lefood-0060,0,0.044698628728532419
1,0,lefood-0061,0.92561983471074383,0.844947685518456
1,0,lefood-0062,0.083333333333333329,0.02978740681220482
1,0,lefood-0063,0.99224806201550386,0.91538465498852428
1,0,lefood-0064,0,0.034300494934716208
1,0,lefood-0065,0.96999999999999997,0.9060805095372052
1,0,lefood-0066,0.11382113821138211,0.31827019123737327
1,0,lefood-0067,0.16080402010050251,0.4615493525243668
1,0,lefood-0068,0.20945945945945946,0.29703799675209769
1,0,lefood-0069,0.92405063291139244,0.81380540983644711
1,0,lefood-0070,0.41935483870967744,0.53971935826595741
1,0,lefood-0071,0.77519379844961245,0.79394367987400405
1,0,lefood-0072,0.068181818181818177,0.1242186404711243
1,0,lefood-0073,0,0.27779804514496476
1,0,lefood-0074,0.9942196531791907,1
1,0,lefood-0075,0,0.23687344935227794
1,0,lefood-0076,0.45522388059701491,0.53994389200451931
1,0,lefood-0077,0.024,0.087320925675734407
1,0,lefood-0078,0,0.092645180248063452
1,0,lefood-0079,0,0.24007027481531185
1,0,lefood-0080,0,0.092293017110629871
1,0,lefood-0179,0.98076923076923073,1
1,0,lefood-0180,0.14285714285714285,0.4030468331436371
1,0,lefood-0345,1,0.68236678630376979
1,0,lefood-0346,0,0.12788736049062788
1,0,lefood-0348,0.083333333333333329,0.48576189441417461
1,0,lefood-0349,0,0.04157819915790717
1,0,lefood-0350,1,0.65978172722991479
1,0,lefood-0351,0,0
1,0,lefood-0353,1,0.35410640465770182
1,0,lefood-0354,0.94117647058823528,0.82008379319829228
1,0,lefood-0355,0.23529411764705882,0.46159489249128427
1,0,lefood-0356,0.96551724137931039,0.68772437367977746
1,0,lefood-0358,0.94117647058823528,0.71598982341997508
1,0,lefood-0359,1,0.84598517465409639
1,0,lefood-0360,0,0
1,0,lefood-0361,1,0.78276168444579219
1,0,lefood-0381,1,0.82181125724356563
1,0,lefood-0382,0,0
1,0,lefood-0383,0,0
1,0,lefood-0385,0.071428571428571425,0.12271118861137004
1,0,lefood-0386,0,0.11694668629595956
1,0,lefood-0387,0,0
1,0,lefood-0526,1,0.94205043694505075
1,0,lefood-0527,0,0
1,0,lefood-0529,0.3235294117647059,0.32403977075573792
1,1,lefood-0081,0.26623376623376621,0.25796151287475988
1,1,lefood-0082,0.034482758620689655,0
1,1,lefood-0083,1,0.99115709692267395
1,1,lefood-0084,0.58241758241758246,0.64117183396761268
1,1,lefood-0085,0.3392857142857143,0.51398660276203345
1,1,lefood-0086,0.26190476190476192,0.4035707547655098
1,1,lefood-0087,0,0.35823508631992718
1,1,lefood-0088,0,0.096824943113983153
1,1,lefood-0089,0.80128205128205132,0.5784375891254816
1,1,lefood-0090,0.56818181818181823,0.57961483915963585
1,1,lefood-0091,0.70949720670391059,0.60427592346273851
1,1,lefood-0092,0.35714285714285715,0.68568512581833119
1,1,lefood-0093,0,0.066412121581086114
1,1,lefood-0094,0,0.21772225584357152
1,1,lefood-0095,0,0
1,1,lefood-0096,0.36842105263157893,0.42742447633569236
1,1,lefood-0097,0.36752136752136755,0.55011324417781282
1,1,lefood-0098,0,0.037353309716942951
1,1,lefood-0099,0.0044052863436123352,0
1,1,lefood-0100,0.70731707317073167,0.46819379569779429
1,1,lefood-0101,0.32236842105263158,0.24175961658920736
1,1,lefood-0102,0.98907103825136611,0.80284820907285859
1,1,lefood-0103,0.79234972677595628,0.65355326322327467
1,1,lefood-0104,0.10778443113772455,0.1600203848156917
1,1,lefood-0105,0.18620689655172415,0.019677411603336192
1,1,lefood-0106,0.82631578947368423,0.58333276295235281
1,1,lefood-0107,0.81142857142857139,0.70669365779626014
1,1,lefood-0108,0,0.12149880884982903
1,1,lefood-0109,0.43548387096774194,0.69261524656451534
1,1,lefood-0110,0,0.10763137338229972
1,1,lefood-0111,0.60256410256410253,0.50553655947230247
1,1,lefood-0112,0.63758389261744963,0.50122116434750263
1,1,lefood-0113,0.015503875968992248,0.1241192811833054
1,1,lefood-0114,0.87730061349693256,1
1,1,lefood-0115,1,0.90756542392036899
1,1,lefood-0116,0.95833333333333337,1
1,1,lefood-0117,0,0.66869682111252293
1,1,lefood-0118,0.49677419354838709,0
1,1,lefood-0119,0.032051282051282048,0.36572019330379718
1,1,lefood-0120,0.54482758620689653,0.56181942713346
1,1,lefood-0121,0.98684210526315785,0.89742614283660438
1,1,lefood-0122,0,0
1,1,lefood-0123,0.99315068493150682,0.66117752102326344
1,1,lefood-0124,0,0.11940276176943024
1,1,lefood-0125,0.5220588235294118,0.72571633068408758
1,1,lefood-0126,0.5,0.42205810764496976
1,1,lefood-0127,0.071428571428571425,0
1,1,lefood-0128,0,0.021557086543222415
1,1,lefood-0130,1,1
1,1,lefood-0131,0,0.07754197823663711
1,1,lefood-0132,0.99024390243902438,0.77215035190520653
1,1,lefood-0133,0,0.089410284238655824
1,1,lefood-0134,0.10596026490066225,0.11181523252703199
1,1,lefood-0135,0.7133757961783439,0.69638597134543911
1,1,lefood-0136,0,0.010379605186660035
1,1,lefood-0137,0,0.22351240347564619
1,1,lefood-0138,0,0.17660010620941347
1,1,lefood-0139,0,0.19121320201703487
1,1,lefood-0140,0.17088607594936708,0.11660887496326167
1,1,lefood-0142,0.0057471264367816091,0.068515121885484587
1,1,lefood-0143,0.77058823529411768,0.86052765170429923
1,1,lefood-0144,0.010526315789473684,0.14924907171505331
1,1,lefood-0145,0.011494252873563218,0.076258174321290728
1,1,lefood-0146,0.989247311827957,0.86850348434343383
1,1,lefood-0147,0.40437158469945356,0.39566197533472636
1,1,lefood-0148,0.55952380952380953,0.56256726707492888
1,1,lefood-0149,0.73584905660377353,0.76283509834413954
1,1,lefood-0150,0.99375000000000002,1
1,1,lefood-0151,0.79081632653061229,0.86430817440678065
1,1,lefood-0152,0.51891891891891895,0.51673040194305142
1,1,lefood-0153,0,0.35542506976965937
1,1,lefood-0154,0,0
1,1,lefood-0155,0.36477987421383645,0.028339297220005666
1,1,lefood-0156,0.084337349397590355,0
1,1,lefood-0157,0.67701863354037262,0.7029484740994999
1,1,lefood-0158,0.033333333333333333,0.026547611388039405
1,1,lefood-0203,0.13636363636363635,0
1,1,lefood-0204,0.058823529411764705,0
1,1,lefood-0205,0.87804878048780488,1
1,1,lefood-0206,0.022727272727272728,0
1,1,lefood-0228,0.57352941176470584,0.7786600269835191
1,1,lefood-0229,0.46875,0.53267511402333423
1,1,lefood-0230,0.96491228070175439,0.81813981429223903
1,1,lefood-0231,0,0
1,1,lefood-0232,0.98275862068965514,0.94106202796571714
1,1,lefood-0233,0,0
1,1,lefood-0234,0.18390804597701149,0.097956805751893528
1,1,lefood-0235,0,0
1,1,lefood-0236,0.95454545454545459,0.75442122578862214
1,1,lefood-0295,0,0.061017057351975157
1,1,lefood-0296,0.70454545454545459,0.7890505841508535
1,1,lefood-0297,0.31666666666666665,0.54259608371211054
1,1,lefood-0298,0,0.081324530740014056
1,1,lefood-0299,0.12,0.38590245426359637
1,1,lefood-0300,0,0
1,1,lefood-0301,0.91891891891891897,0.68834272263225715
1,1,lefood-0302,0.27083333333333331,0.56132263922584136
1,1,lefood-0303,0,0.35398755150532479
1,1,lefood-0304,0.90909090909090906,0.90934663327491205
1,1,lefood-0305,0.43478260869565216,0.34036256857750741
1,1,lefood-0306,0,0
1,1,lefood-0307,0,0
1,1,lefood-0308,0.083333333333333329,0
1,3,lefood-0159,1,1
1,3,lefood-0181,0.0625,0.3029544933088491
1,3,lefood-0182,1,0.64877317931898915
1,3,lefood-0272,1,0.89904334301621436
1,3,lefood-0273,0.97619047619047616,0.86508489837875735
1,3,lefood-0274,0.46000000000000002,0.76466033315883664
1,3,lefood-0275,0,0.019465440428554748
1,3,lefood-0276,0.55223880597014929,0.86470026626560625
1,3,lefood-0277,0.3888888888888889,0.7139922408384809
1,3,lefood-0278,0,0.17402450385026877
1,3,lefood-0279,0.33823529411764708,0.21050900586309923
1,3,lefood-0280,0.12280701754385964,0.011783231640624392
1,3,lefood-0281,0.65384615384615385,0.90977835528300233
1,3,lefood-0282,0.51724137931034486,0.86775095247945977
1,3,lefood-0283,0.97959183673469385,1
1,3,lefood-0284,0,0
1,3,lefood-0285,0,0.068878744541897352
1,3,lefood-0286,0.44444444444444442,0.45120852374479703
1,3,lefood-0287,0,0.14064727279355854
1,3,lefood-0288,0.41176470588235292,0.52758905220363173
1,3,lefood-0289,0,0.12849105630864216
1,3,lefood-0290,0,0.1665230083232751
1,3,lefood-0291,0.47999999999999998,0.30499575164952608
1,3,lefood-0292,0.020408163265306121,0
1,3,lefood-0293,0,0
1,3,lefood-0309,0,0.33701982445886047
1,3,lefood-0310,0,0.17239733613528119
1,3,lefood-0311,0.32608695652173914,0.47186976458132751
1,3,lefood-0312,0,0.05878032399817823
1,3,lefood-0313,0.46153846153846156,0.39377770374844623
1,3,lefood-0314,0.068965517241379309,0.13394382995140428
1,3,lefood-0315,0,0
1,3,lefood-0317,0.98245614035087714,0.68981897931607239
1,3,lefood-0318,0,0.18884555078365134
1,3,lefood-0319,1,1
1,3,lefood-0320,0.85416666666666663,0
1,3,lefood-0321,0,0.18275006856813891
1,3,lefood-0322,0,0.050423515307746192
1,3,lefood-0323,0,0.3883959496193059
1,3,lefood-0324,0.97777777777777775,0.91232906299117944
1,3,lefood-0325,0.081632653061224483,0.28156910983170835
1,3,lefood-0326,0,0.089534943030775027
1,3,lefood-0327,0,0.15775832584170352
1,3,lefood-0328,0,0.31317464369436365
1,3,lefood-0330,0.46296296296296297,0.57559834919554009
1,3,lefood-0336,0.16,0.35294423709587497
1,3,lefood-0337,0.54166666666666663,0.91736987878247667
1,3,lefood-0338,0,0.23822119499446454
1,3,lefood-0339,0.65217391304347827,0.6948269511759374
1,3,lefood-0340,0,0.19393742876371012
1,3,lefood-0368,0,0
1,3,lefood-0369,0.72222222222222221,0.59339019898238887
1,3,lefood-0370,1,0.82654694590831501
1,3,lefood-0372,0,0
1,3,lefood-0373,0,0.0028950243423612187
1,3,lefood-0374,0,0
1,3,lefood-0375,0,0
1,3,lefood-0376,0.53846153846153844,0.71011709430577852
1,3,lefood-0377,0,0.052284987113630221
1,3,lefood-0378,0.32558139534883723,0.47114677885200068
1,3,lefood-0379,0,0
1,3,lefood-0380,0,0.016602336097697346
1,3,lefood-0435,0,0.26810693743563907
1,3,lefood-0436,0.82857142857142863,0.80957057549656275
1,3,lefood-0437,0.58695652173913049,0.60962365869401791
1,3,lefood-0438,0.64912280701754388,0.70852488925663737
1,3,lefood-0439,0,0.22654466043739008
1,3,lefood-0440,0,0
1,3,lefood-0441,0.64864864864864868,0.89108548986253899
1,3,lefood-0442,0.92500000000000004,1
1,3,lefood-0443,0.80645161290322576,0.90539693845187486
1,3,lefood-0444,0.89189189189189189,1
1,3,lefood-0445,0,0.14596611460556519
1,3,lefood-0446,0.97222222222222221,1
1,3,lefood-0447,0.96551724137931039,1
1,3,lefood-0448,0,0.18772856983900099
1,3,lefood-0449,0.86046511627906974,0.66025729349569451
1,3,lefood-0450,0.1951219512195122,0.35024827447624579
1,3,lefood-0451,0.88888888888888884,0.98962052932887357
1,3,lefood-0452,0.65000000000000002,1
1,3,lefood-0453,0,0.34573998081245982
1,3,lefood-0504,1,1
1,3,lefood-0505,0.96551724137931039,0.98426410814734844
1,3,lefood-0506,0,0.30455990389222509
1,3,lefood-0507,0.7407407407407407,0.31977946966721144
1,3,lefood-0508,0.53333333333333333,0.83719100956638626
1,3,lefood-0509,0.33333333333333331,0.63045930273867201
1,3,lefood-0510,0,0.30836811409444848
1,3,lefood-0511,0,0.30215179288711425
1,3,lefood-0512,0.80000000000000004,0.90628798616624573
1,3,lefood-0513,0,0.46909265897217445
1,3,lefood-0514,0.77777777777777779,1
1,3,lefood-0515,1,0.92466299791333362
1,3,lefood-0516,0.94999999999999996,0.81014850288889129
1,3,lefood-0517,0,0.18822722706280934
1,3,lefood-0518,0,0.14110795497253537
1,3,lefood-0519,0,0.29201794984016305
1,3,lefood-0520,0,0.525581477978872
1,3,lefood-0521,0.74358974358974361,0.98614608452310637
1,3,lefood-0522,0,0
1,3,lefood-0523,0.43333333333333335,0.88736367402117033
1,3,lefood-0524,0.033333333333333333,0.21807661234523418
1,3,lefood-0525,0.2857142857142857,0.35183284877140331
1,4,lefood-0001,0.96209912536443154,0.83975980525721772
1,4,lefood-0160,0.5357142857142857,0.71665248923350022
1,4,lefood-0161,0,0.03662676191068398
1,4,lefood-0162,0,0
1,4,lefood-0163,0,0
1,4,lefood-0164,0,0.24140658638355203
1,4,lefood-0166,0.037037037037037035,0.12967394985482472
1,4,lefood-0167,0,0
1,4,lefood-0168,0,0.004735269837618572
1,4,lefood-0169,0.2857142857142857,0.3203684290647576
1,4,lefood-0170,0,0
1,4,lefood-0171,0,0.28339387405198563
1,4,lefood-0172,0.61904761904761907,0.77577404972840736
1,4,lefood-0173,0,0.1245368534488715
1,4,lefood-0174,0,0
1,4,lefood-0175,0,0
1,4,lefood-0177,0,0.0988419821771232
1,4,lefood-0178,0,0
1,4,lefood-0183,0.074999999999999997,0.42660166926069992
1,4,lefood-0184,0.6071428571428571,0.20310178851667457
1,4,lefood-0185,1,0.68048264720004115
1,4,lefood-0187,0,0.12872440183824518
1,4,lefood-0188,0,0
1,4,lefood-0189,0,0.0030233095333634386
1,4,lefood-0190,0.36734693877551022,0.29559091867221843
1,4,lefood-0191,1,0.72932194526219063
1,4,lefood-0192,0.46153846153846156,0.88712810010300225
1,4,lefood-0194,0,0.25755240964420378
1,4,lefood-0195,1,0.88303427280402902
1,4,lefood-0196,0.97222222222222221,0.75655947585609917
1,4,lefood-0197,0,0.13075242332054957
1,4,lefood-0198,0.64102564102564108,0.81896828589650683
1,4,lefood-0200,0.20512820512820512,0.51817307587734984
1,4,lefood-0201,0,0
1,4,lefood-0202,0,0
1,4,lefood-0341,0.73684210526315785,0.79600536257333721
1,4,lefood-0342,0.95238095238095233,0.7380002332505502
1,4,lefood-0343,0,0.27299893813818482
1,4,lefood-0344,0,0.27599935204046638
1,4,lefood-0362,0.82758620689655171,0.47865795727106886
1,4,lefood-0363,0,0
1,4,lefood-0364,0,0.064533192257684613
1,4,lefood-0365,0,0.03557236396992286
1,4,lefood-0366,0,0
1,4,lefood-0367,0,0.080921627407133545
1,4,lefood-0388,0.94285714285714284,0.79447876048220889
1,4,lefood-0389,1,0.86898325091948747
1,4,lefood-0391,0.97142857142857142,0.68906267823832512
1,4,lefood-0392,0,0.10679090726162116
1,4,lefood-0393,0.95522388059701491,0.72680001699245089
1,4,lefood-0394,0.92156862745098034,0.78978027676892482
1,4,lefood-0395,0,0
1,4,lefood-0396,1,0.99738025124638163
1,4,lefood-0397,0,0
1,4,lefood-0398,1,0.56524131043667691
1,4,lefood-0399,0,0.15947119850775532
1,4,lefood-0400,0,1
1,4,lefood-0401,0,0.19652611395291261
1,4,lefood-0402,0,0.20891454588511471
1,4,lefood-0403,0.97142857142857142,0.78067737905660062
1,4,lefood-0404,0,0.28378558508115559
1,4,lefood-0405,0,0.18556746426355686
1,4,lefood-0407,0.97222222222222221,0.79677567091069657
1,4,lefood-0408,0,0
1,4,lefood-0409,0.97142857142857142,0.51599796701924006
1,4,lefood-0410,0.88372093023255816,0.57332210867667155
1,4,lefood-0411,1,0.84549270948577138
1,4,lefood-0412,1,0.97897092475161007
1,4,lefood-0413,0,0
1,4,lefood-0414,0,0.1560423593393972
1,4,lefood-0415,0,0.013598549651265002
1,4,lefood-0416,1,0.76525847684278547
1,4,lefood-0417,0,0
1,4,lefood-0418,0,0
1,4,lefood-0419,0,0
1,4,lefood-0420,0,0.14142486542775162
1,4,lefood-0421,0,0.08953995452096225
1,4,lefood-0422,0,0.016965792476174357
1,4,lefood-0423,0.42857142857142855,0.52366116668972618
1,4,lefood-0424,0,0.10537279527548821
1,4,lefood-0426,0,0.27934257965480414
1,4,lefood-0427,0.59259259259259256,0.44624946433419133
1,4,lefood-0428,0,0.050962760670668905
1,4,lefood-0429,0.33333333333333331,0.30298744454903165
1,4,lefood-0430,0,0
1,4,lefood-0431,0,0.0050318346873840514
1,4,lefood-0432,0,0
1,4,lefood-0433,0,0
1,4,lefood-0454,0.10810810810810811,0.38285497838364491
1,4,lefood-0456,0.5,0.92165024934708728
1,4,lefood-0457,0,0
1,4,lefood-0493,0,0.047489319754244474
1,4,lefood-0494,0,0.13622900959197373
1,4,lefood-0495,0.13333333333333333,0.34977810979230428
1,4,lefood-0496,1,1
1,4,lefood-0497,0.1111111111111111,0.15364420945097773
1,4,lefood-0498,1,0.72264827901024298
1,4,lefood-0499,0,0.027009915599374268
1,4,lefood-0500,1,0.89450112637939405
1,4,lefood-0501,1,0.82835743484553004
1,4,lefood-0502,0.47368421052631576,0.66337890122603049
1,4,lefood-0503,1,0.85972345139557849
10,0,lefood-0002,0.93846153846153846,0.93871585112062683
10,0,lefood-0003,0.94074074074074077,0.80694944768982402
10,0,lefood-0004,0.0068493150684931503,0
10,0,lefood-0005,0.17985611510791366,0.42327146918974023
10,0,lefood-0006,0.99411764705882355,0.86305194092301618
10,0,lefood-0007,0.31213872832369943,0.14563761211670045
10,0,lefood-0008,0.007246376811594203,0.2225397088224175
10,0,lefood-0009,0.55905511811023623,0.74246812105428972
10,0,lefood-0010,0.65957446808510634,0.33657598901696922
10,0,lefood-0011,0.86178861788617889,0.61715852191622278
10,0,lefood-0012,0.12592592592592591,0.32683629037777778
10,0,lefood-0013,0.52513966480446927,0.64803449393548251
10,0,lefood-0014,0,0.2634882312542296
10,0,lefood-0015,1,0.90810509760208202
10,0,lefood-0016,0.4358974358974359,0.48915499815893476
10,0,lefood-0017,0.041095890410958902,0.099790780400665857
10,0,lefood-0018,0.26666666666666666,0.0056062267029375334
10,0,lefood-0019,0,0.12803015491725939
10,0,lefood-0020,0.98369565217391308,0.83584478524794203
10,0,lefood-0021,0.46575342465753422,0.58059580007402622
10,0,lefood-0022,0,0.36820542291119396
10,0,lefood-0023,0,0.18239057855792179
10,0,lefood-0024,0.87349397590361444,0.9990571651705793
10,0,lefood-0025,0,0
10,0,lefood-0026,0.3728813559322034,0.39660808643929679
10,0,lefood-0027,1,0.89953987371816668
10,0,lefood-0028,1,0.88576847423458616
10,0,lefood-0029,0.96825396825396826,0.86554935705924896
10,0,lefood-0030,0.99019607843137258,0.76549035369495488
10,0,lefood-0031,0.077669902912621352,0.091591404645040231
10,0,lefood-0032,0,0.026173776126319104
10,0,lefood-0033,0.27272727272727271,0.69819385550701085
10,0,lefood-0034,0.31223628691983124,0.75375131702710629
10,0,lefood-0035,0,0.044417282838887517
10,0,lefood-0036,0.51265822784810122,0.50975355695785329
10,0,lefood-0037,0,0
10,0,lefood-0038,0,0.2669429003310646
10,0,lefood-0039,0.11764705882352941,0.21418742486434045
10,0,lefood-0040,0,0
10,0,lefood-0041,0.76190476190476186,0.55142284098994554
10,0,lefood-0043,0.53020134228187921,0.76129726495939709
10,0,lefood-0044,0,0.021765338927498712
10,0,lefood-0045,0.21348314606741572,0.064931623603956601
10,0,lefood-0046,0.50285714285714289,0.4447587125797986
10,0,lefood-0047,0.065217391304347824,0.27996775806769142
10,0,lefood-0048,0.49404761904761907,0.48809749384870782
10,0,lefood-0049,0,0.017138082456613968
10,0,lefood-0050,0.73684210526315785,0.66315668229187708
10,0,lefood-0051,0,0.16494286767011351
10,0,lefood-0052,0.98461538461538467,0.92785650522097585
10,0,lefood-0053,0.19083969465648856,0.2932327624276837
10,0,lefood-0054,0,0.16291891919387774
10,0,lefood-0055,0.55462184873949583,0.64319905648938525
10,0,lefood-0056,0,0.21356186552524398
10,0,lefood-0057,0,0.42497273717269629
10,0,lefood-0058,0.88976377952755903,0.77772518572543681
10,0,lefood-0059,0.8671875,0.95197730233037214
10,0,lefood-0060,0,0.038338904557961795
10,0,lefood-0061,0.92561983471074383,0.84320985989400943
10,0,lefood-0062,0.083333333333333329,0.033266749107492999
10,0,lefood-0063,0.99224806201550386,0.91184161320476731
10,0,lefood-0064,0,0.033949743612716299
10,0,lefood-0065,0.96999999999999997,0.90921059097987822
10,0,lefood-0066,0.11382113821138211,0.31411079018586668
10,0,lefood-0067,0.16080402010050251,0.47040617207764052
10,0,lefood-0068,0.20945945945945946,0.29861611096810392
10,0,lefood-0069,0.92405063291139244,0.82281170730886588
10,0,lefood-0070,0.41935483870967744,0.54445028743411616
10,0,lefood-0071,0.77519379844961245,0.79877195797539868
10,0,lefood-0072,0.068181818181818177,0.12088602931701251
10,0,lefood-0073,0,0.25862716055762314
10,0,lefood-0074,0.9942196531791907,1
10,0,lefood-0075,0,0.22659061122663374
10,0,lefood-0076,0.45522388059701491,0.54357303137444768
10,0,lefood-0077,0.024,0.084456164131978206
10,0,lefood-0078,0,0.08885459894083203
10,0,lefood-0079,0,0.22750137739301035
10,0,lefood-0080,0,0.088840671038412977
10,0,lefood-0179,0.98076923076923073,1
10,0,lefood-0180,0.14285714285714285,0.39979908110209272
10,0,lefood-0345,1,0.68775108324098388
10,0,lefood-0346,0,0.11795487601667659
10,0,lefood-0348,0.083333333333333329,0.4714976929039032
10,0,lefood-0349,0,0.03540437850162359
10,0,lefood-0350,1,0.66128696269423948
10,0,lefood-0351,0,0
10,0,lefood-0353,1,0.37301333816047944
10,0,lefood-0354,0.94117647058823528,0.82073428179106989
10,0,lefood-0355,0.23529411764705882,0.45446273061428655
10,0,lefood-0356,0.96551724137931039,0.70140206122297633
10,0,lefood-0358,0.94117647058823528,0.71995697269281977
10,0,lefood-0359,1,0.8489621453222731
10,0,lefood-0360,0,0
10,0,lefood-0361,1,0.78476043652922234
10,0,lefood-0381,1,0.83244372313375736
10,0,lefood-0382,0,0
10,0,lefood-0383,0,0
10,0,lefood-0385,0.071428571428571425,0.11769039412749202
10,0,lefood-0386,0,0.11014663393660457
10,0,lefood-0387,0,0
10,0,lefood-0526,1,0.93993385112188466
10,0,lefood-0527,0,0
10,0,lefood-0529,0.3235294117647059,0.33926609574817868
10,1,lefood-0081,0.26623376623376621,0.27990645953871929
10,1,lefood-0082,0.034482758620689655,0
10,1,lefood-0083,1,1
10,1,lefood-0084,0.58241758241758246,0.65662875831542467
10,1,lefood-0085,0.3392857142857143,0.52831042501099157
10,1,lefood-0086,0.26190476190476192,0.41242403184668208
10,1,lefood-0087,0,0.35116595468566636
10,1,lefood-0088,0,0.10057652191076955
10,1,lefood-0089,0.80128205128205132,0.59524523680958918
10,1,lefood-0090,0.56818181818181823,0.57967242838975808
10,1,lefood-0091,0.70949720670391059,0.61036309345284168
10,1,lefood-0092,0.35714285714285715,0.66861565426758007
10,1,lefood-0093,0,0.07035582018212394
10,1,lefood-0094,0,0.2178346989414966
10,1,lefood-0095,0,0
10,1,lefood-0096,0.36842105263157893,0.42988054998558645
10,1,lefood-0097,0.36752136752136755,0.55487751689352038
10,1,lefood-0098,0,0.036792314886147093
10,1,lefood-0099,0.0044052863436123352,0
10,1,lefood-0100,0.70731707317073167,0.48679273336692552
10,1,lefood-0101,0.32236842105263158,0.26980672940521799
10,1,lefood-0102,0.98907103825136611,0.82983427379776376
10,1,lefood-0103,0.79234972677595628,0.66117385859373057
10,1,lefood-0104,0.10778443113772455,0.1665072835775461
10,1,lefood-0105,0.18620689655172415,0.043779981844820792
10,1,lefood-0106,0.82631578947368423,0.59839179989638147
10,1,lefood-0107,0.81142857142857139,0.71541109761294008
10,1,lefood-0108,0,0.11635225893066134
10,1,lefood-0109,0.43548387096774194,0.69647389750707744
10,1,lefood-0110,0,0.10084802443452412
10,1,lefood-0111,0.60256410256410253,0.52292796758616034
10,1,lefood-0112,0.63758389261744963,0.50611975438136703
10,1,lefood-0113,0.015503875968992248,0.13062525611992665
10,1,lefood-0114,0.87730061349693256,1
10,1,lefood-0115,1,0.8956585890263784
10,1,lefood-0116,0.95833333333333337,1
10,1,lefood-0117,0,0.67854368392724673
10,1,lefood-0118,0.49677419354838709,0
10,1,lefood-0119,0.032051282051282048,0.35293563277795548
10,1,lefood-0120,0.54482758620689653,0.55391613589308708
10,1,lefood-0121,0.98684210526315785,0.90887176600926445
10,1,lefood-0122,0,0
10,1,lefood-0123,0.99315068493150682,0.66829760644170433
10,1,lefood-0124,0,0.11866506450822062
10,1,lefood-0125,0.5220588235294118,0.72726069085270173
10,1,lefood-0126,0.5,0.44954511908448808
10,1,lefood-0127,0.071428571428571425,0
10,1,lefood-0128,0,0.013942134257772798
10,1,lefood-0130,1,1
10,1,lefood-0131,0,0.070644428545699633
10,1,lefood-0132,0.99024390243902438,0.77505709401839729
10,1,lefood-0133,0,0.088674863164950546
10,1,lefood-0134,0.10596026490066225,0.12922166897794438
10,1,lefood-0135,0.7133757961783439,0.70108530929742496
10,1,lefood-0136,0,0.023180990442706717
10,1,lefood-0137,0,0.21169337639474611
10,1,lefood-0138,0,0.1643915290254484
10,1,lefood-0139,0,0.1769673855047641
10,1,lefood-0140,0.17088607594936708,0.12705586778152389
10,1,lefood-0142,0.0057471264367816091,0.07686603431844713
10,1,lefood-0143,0.77058823529411768,0.86368493776748079
10,1,lefood-0144,0.010526315789473684,0.14462372022642292
10,1,lefood-0145,0.011494252873563218,0.07513601815259241
10,1,lefood-0146,0.989247311827957,0.88443270615633651
10,1,lefood-0147,0.40437158469945356,0.4066445864341503
10,1,lefood-0148,0.55952380952380953,0.562629333004244
10,1,lefood-0149,0.73584905660377353,0.76352886957970822
10,1,lefood-0150,0.99375000000000002,1
10,1,lefood-0151,0.79081632653061229,0.87865254374114687
10,1,lefood-0152,0.51891891891891895,0.53081174966310185
10,1,lefood-0153,0,0.3526844004362375
10,1,lefood-0154,0,0
10,1,lefood-0155,0.36477987421383645,0.056216625456365854
10,1,lefood-0156,0.084337349397590355,0
10,1,lefood-0157,0.67701863354037262,0.70899333036206413
10,1,lefood-0158,0.033333333333333333,0.037699910435752715
10,1,lefood-0203,0.13636363636363635,0
10,1,lefood-0204,0.058823529411764705,0
10,1,lefood-0205,0.87804878048780488,1
10,1,lefood-0206,0.022727272727272728,0
10,1,lefood-0228,0.57352941176470584,0.76211896841123261
10,1,lefood-0229,0.46875,0.53598983439391645
10,1,lefood-0230,0.96491228070175439,0.79518145503505855
10,1,lefood-0231,0,0
10,1,lefood-0232,0.98275862068965514,0.91962148505413943
10,1,lefood-0233,0,0
10,1,lefood-0234,0.18390804597701149,0.10081028903333056
10,1,lefood-0235,0,0
10,1,lefood-0236,0.95454545454545459,0.73565636166388648
10,1,lefood-0295,0,0.051134899019293079
10,1,lefood-0296,0.70454545454545459,0.78860816054074301
10,1,lefood-0297,0.31666666666666665,0.53453017066200581
10,1,lefood-0298,0,0.064385429572738573
10,1,lefood-0299,0.12,0.39251596754101831
10,1,lefood-0300,0,0
10,1,lefood-0301,0.91891891891891897,0.69608624970800403
10,1,lefood-0302,0.27083333333333331,0.54883241112548431
10,1,lefood-0303,0,0.35259178769095662
10,1,lefood-0304,0.90909090909090906,0.88982768515551236
10,1,lefood-0305,0.43478260869565216,0.34507148279619526
10,1,lefood-0306,0,0
10,1,lefood-0307,0,0
10,1,lefood-0308,0.083333333333333329,0
10,3,lefood-0159,1,1
10,3,lefood-0181,0.0625,0.30042818161444351
10,3,lefood-0182,1,0.66654445405134699
10,3,lefood-0272,1,0.91783177685115125
10,3,lefood-0273,0.97619047619047616,0.8657609336507518
10,3,lefood-0274,0.46000000000000002,0.77397748922606058
10,3,lefood-0275,0,0.023204254839312544
10,3,lefood-0276,0.55223880597014929,0.8632051804059806
10,3,lefood-0277,0.3888888888888889,0.71481910345695754
10,3,lefood-0278,0,0.16426212121444628
10,3,lefood-0279,0.33823529411764708,0.21726496588504701
10,3,lefood-0280,0.12280701754385964,0.021820626023902334
10,3,lefood-0281,0.65384615384615385,0.91300256072473795
10,3,lefood-0282,0.51724137931034486,0.87871529560533002
10,3,lefood-0283,0.97959183673469385,1
10,3,lefood-0284,0,0
10,3,lefood-0285,0,0.069886691119187105
10,3,lefood-0286,0.44444444444444442,0.46750659927996108
10,3,lefood-0287,0,0.13725651920460877
10,3,lefood-0288,0.41176470588235292,0.53972953300604942
10,3,lefood-0289,0,0.12392312356348381
10,3,lefood-0290,0,0.15189851347775449
10,3,lefood-0291,0.47999999999999998,0.32382884312365723
10,3,lefood-0292,0.020408163265306121,0
10,3,lefood-0293,0,0
10,3,lefood-0309,0,0.30956337956090008
10,3,lefood-0310,0,0.15741073639315636
10,3,lefood-0311,0.32608695652173914,0.47000154991398613
10,3,lefood-0312,0,0.045624862793948007
10,3,lefood-0313,0.46153846153846156,0.38869080571748177
10,3,lefood-0314,0.068965517241379309,0.13187783024882033
10,3,lefood-0315,0,0
10,3,lefood-0317,0.98245614035087714,0.69057148278242009
10,3,lefood-0318,0,0.17509612683929646
10,3,lefood-0319,1,1
10,3,lefood-0320,0.85416666666666663,0
10,3,lefood-0321,0,0.1683165980510975
10,3,lefood-0322,0,0.048257665700375374
10,3,lefood-0323,0,0.36970811339065524
10,3,lefood-0324,0.97777777777777775,0.90038937557221099
10,3,lefood-0325,0.081632653061224483,0.27315804039964753
10,3,lefood-0326,0,0.094218809398421699
10,3,lefood-0327,0,0.14577637731514281
10,3,lefood-0328,0,0.28824473065133122
10,3,lefood-0330,0.46296296296296297,0.56251155887830318
10,3,lefood-0336,0.16,0.36508398684192472
10,3,lefood-0337,0.54166666666666663,0.90711470917058012
10,3,lefood-0338,0,0.23867958645553305
10,3,lefood-0339,0.65217391304347827,0.68816945346295344
10,3,lefood-0340,0,0.21251653871108223
10,3,lefood-0368,0,0
10,3,lefood-0369,0.72222222222222221,0.60547597820880994
10,3,lefood-0370,1,0.83434426020625874
10,3,lefood-0372,0,0
10,3,lefood-0373,0,0.029539268697352183
10,3,lefood-0374,0,0
10,3,lefood-0375,0,0
10,3,lefood-0376,0.53846153846153844,0.71550194880790652
10,3,lefood-0377,0,0.043736204314360039
10,3,lefood-0378,0.32558139534883723,0.4686205200034147
10,3,lefood-0379,0,0
10,3,lefood-0380,0,0.016800158914189178
10,3,lefood-0435,0,0.25288434503698975
10,3,lefood-0436,0.82857142857142863,0.80428480573495931
10,3,lefood-0437,0.58695652173913049,0.62537481708395526
10,3,lefood-0438,0.64912280701754388,0.7213717266856764
10,3,lefood-0439,0,0.23765866064634417
10,3,lefood-0440,0,0.0053188843314403988
10,3,lefood-0441,0.64864864864864868,0.89526632916562687
10,3,lefood-0442,0.92500000000000004,1
10,3,lefood-0443,0.80645161290322576,0.89616413357849889
10,3,lefood-0444,0.89189189189189189,1
10,3,lefood-0445,0,0.14277140081452719
10,3,lefood-0446,0.97222222222222221,1
10,3,lefood-0447,0.96551724137931039,1
10,3,lefood-0448,0,0.20475918462825055
10,3,lefood-0449,0.86046511627906974,0.65874857779786067
10,3,lefood-0450,0.1951219512195122,0.34069833599419397
10,3,lefood-0451,0.88888888888888884,0.98236434696818276
10,3,lefood-0452,0.65000000000000002,1
10,3,lefood-0453,0,0.32009479164775534
10,3,lefood-0504,1,0.99121891163334386
10,3,lefood-0505,0.96551724137931039,0.97704180897901705
10,3,lefood-0506,0,0.29342081933931796
10,3,lefood-0507,0.7407407407407407,0.29790510536992687
10,3,lefood-0508,0.53333333333333333,0.81064668312747135
10,3,lefood-0509,0.33333333333333331,0.61526470983927573
10,3,lefood-0510,0,0.29419526268260776
10,3,lefood-0511,0,0.29296510397492198
10,3,lefood-0512,0.80000000000000004,0.89740098103054988
10,3,lefood-0513,0,0.43001917863419864
10,3,lefood-0514,0.77777777777777779,1
10,3,lefood-0515,1,0.91873477571290296
10,3,lefood-0516,0.94999999999999996,0.8083497813202819
10,3,lefood-0517,0,0.18638482809723717
10,3,lefood-0518,0,0.11751826002851168
10,3,lefood-0519,0,0.26471806514274532
10,3,lefood-0520,0,0.48052341245408281
10,3,lefood-0521,0.74358974358974361,0.93557799150465215
10,3,lefood-0522,0,0
10,3,lefood-0523,0.43333333333333335,0.86471313355699442
10,3,lefood-0524,0.033333333333333333,0.20735047339311807
10,3,lefood-0525,0.2857142857142857,0.33714767267576912
10,4,lefood-0001,0.96209912536443154,0.85638397731626059
10,4,lefood-0160,0.5357142857142857,0.70854437718984409
10,4,lefood-0161,0,0.042499326062205578
10,4,lefood-0162,0,0
10,4,lefood-0163,0,0
10,4,lefood-0164,0,0.23041790062267867
10,4,lefood-0166,0.037037037037037035,0.14347228068047746
10,4,lefood-0167,0,0
10,4,lefood-0168,0,0.007597374055225925
10,4,lefood-0169,0.2857142857142857,0.31741721496040654
10,4,lefood-0170,0,0
10,4,lefood-0171,0,0.26406490353793105
10,4,lefood-0172,0.61904761904761907,0.76339064592769446
10,4,lefood-0173,0,0.11636578964812733
10,4,lefood-0174,0,0
10,4,lefood-0175,0,0
10,4,lefood-0177,0,0.086097526034580096
10,4,lefood-0178,0,0
10,4,lefood-0183,0.074999999999999997,0.41217208594362331
10,4,lefood-0184,0.6071428571428571,0.2138190817515408
10,4,lefood-0185,1,0.69011764602232195
10,4,lefood-0187,0,0.11267485968068897
10,4,lefood-0188,0,0
10,4,lefood-0189,0,0.0064540383549713809
10,4,lefood-0190,0.36734693877551022,0.2929254853784436
10,4,lefood-0191,1,0.74360010610175986
10,4,lefood-0192,0.46153846153846156,0.88702475800966374
10,4,lefood-0194,0,0.24376302459023438
10,4,lefood-0195,1,0.89149082735063168
10,4,lefood-0196,0.97222222222222221,0.75859231414122741
10,4,lefood-0197,0,0.12636216371310738
10,4,lefood-0198,0.64102564102564108,0.81233160755833567
10,4,lefood-0200,0.20512820512820512,0.51864181982449031
10,4,lefood-0201,0,0.0045774774101782212
10,4,lefood-0202,0,0
10,4,lefood-0341,0.73684210526315785,0.77398404768090412
10,4,lefood-0342,0.95238095238095233,0.72042138394632804
10,4,lefood-0343,0,0.26624598204943484
10,4,lefood-0344,0,0.25696248030793978
10,4,lefood-0362,0.82758620689655171,0.48936409978928941
10,4,lefood-0363,0,0
10,4,lefood-0364,0,0.049236528848401628
10,4,lefood-0365,0,0.02652770873555016
10,4,lefood-0366,0,0
10,4,lefood-0367,0,0.061473422127235056
10,4,lefood-0388,0.94285714285714284,0.79447725657590129
10,4,lefood-0389,1,0.86724074768554504
10,4,lefood-0391,0.97142857142857142,0.70361405260398335
10,4,lefood-0392,0,0.10738997193022742
10,4,lefood-0393,0.95522388059701491,0.73393000624927629
10,4,lefood-0394,0.92156862745098034,0.8094016242064983
10,4,lefood-0395,0,0
10,4,lefood-0396,1,0.99683360288998113
10,4,lefood-0397,0,0
10,4,lefood-0398,1,0.56874630091866829
10,4,lefood-0399,0,0.1530560282809702
10,4,lefood-0400,0,0.9876439723177568
10,4,lefood-0401,0,0.19024988532763007
10,4,lefood-0402,0,0.19317457380169956
10,4,lefood-0403,0.97142857142857142,0.78136437329249087
10,4,lefood-0404,0,0.26319459523513133
10,4,lefood-0405,0,0.18270166624550291
10,4,lefood-0407,0.97222222222222221,0.79423292851220584
10,4,lefood-0408,0,0
10,4,lefood-0409,0.97142857142857142,0.52876817549776545
10,4,lefood-0410,0.88372093023255816,0.58325781365872564
10,4,lefood-0411,1,0.8358599349689998
10,4,lefood-0412,1,0.96426412436217213
10,4,lefood-0413,0,0
10,4,lefood-0414,0,0.15515000426884146
10,4,lefood-0415,0,0.0087950060170581268
10,4,lefood-0416,1,0.75862155457606595
10,4,lefood-0417,0,0
10,4,lefood-0418,0,0
10,4,lefood-0419,0,0
10,4,lefood-0420,0,0.1336201950367151
10,4,lefood-0421,0,0.074140933669933184
10,4,lefood-0422,0,0.020995412073823105
10,4,lefood-0423,0.42857142857142855,0.52832107356149205
10,4,lefood-0424,0,0.10391828035552864
10,4,lefood-0426,0,0.24339148733513305
10,4,lefood-0427,0.59259259259259256,0.45606066709251719
10,4,lefood-0428,0,0.052836350146230837
10,4,lefood-0429,0.33333333333333331,0.30707814030193181
10,4,lefood-0430,0,0
10,4,lefood-0431,0,0.019018485924670203
10,4,lefood-0432,0,0
10,4,lefood-0433,0,0
10,4,lefood-0454,0.10810810810810811,0.37592522916311194
10,4,lefood-0456,0.5,0.91406978482888124
10,4,lefood-0457,0,0
10,4,lefood-0493,0,0.039536326656464282
10,4,lefood-0494,0,0.14071131696785333
10,4,lefood-0495,0.13333333333333333,0.34152051707494002
10,4,lefood-0496,1,1
10,4,lefood-0497,0.1111111111111111,0.15644244637080776
10,4,lefood-0498,1,0.72607654804845168
10,4,lefood-0499,0,0.026572908661157635
10,4,lefood-0500,1,0.89124390646587393
10,4,lefood-0501,1,0.83227067308077296
10,4,lefood-0502,0.47368421052631576,0.65634615286067866
10,4,lefood-0503,1,0.85429320879479298
100,0,lefood-0002,0.93846153846153846,0.92139361435865386
100,0,lefood-0003,0.94074074074074077,0.78488510064716355
100,0,lefood-0004,0.0068493150684931503,0
100,0,lefood-0005,0.17985611510791366,0.42250813350676864
100,0,lefood-0006,0.99411764705882355,0.84154658102317603
100,0,lefood-0007,0.31213872832369943,0.14910945590514887
100,0,lefood-0008,0.007246376811594203,0.13684945083590486
100,0,lefood-0009,0.55905511811023623,0.79764301957650308
100,0,lefood-0010,0.65957446808510634,0.35420939770230858
100,0,lefood-0011,0.86178861788617889,0.65456514902406049
100,0,lefood-0012,0.12592592592592591,0.34572606041524151
100,0,lefood-0013,0.52513966480446927,0.65727142162711172
100,0,lefood-0014,0,0.16306267002053837
100,0,lefood-0015,1,0.88282219808085483
100,0,lefood-0016,0.4358974358974359,0.46452972544523985
100,0,lefood-0017,0.041095890410958902,0.066767690229827648
100,0,lefood-0018,0.26666666666666666,0
100,0,lefood-0019,0,0.10105205865962255
100,0,lefood-0020,0.98369565217391308,0.81821016069493302
100,0,lefood-0021,0.46575342465753422,0.57707581457327151
100,0,lefood-0022,0,0.23709201964182874
100,0,lefood-0023,0,0.13606119506985923
100,0,lefood-0024,0.87349397590361444,0.95087818013218528
100,0,lefood-0025,0,0
100,0,lefood-0026,0.3728813559322034,0.41481851649534496
100,0,lefood-0027,1,0.89386981006292365
100,0,lefood-0028,1,0.88008037764993285
100,0,lefood-0029,0.96825396825396826,0.86524164638379197
100,0,lefood-0030,0.99019607843137258,0.77896646158001437
100,0,lefood-0031,0.077669902912621352,0.13390787577290383
100,0,lefood-0032,0,0.033251426153003083
100,0,lefood-0033,0.27272727272727271,0.63285391048177841
100,0,lefood-0034,0.31223628691983124,0.69189716179513761
100,0,lefood-0035,0,0.05588436383282025
100,0,lefood-0036,0.51265822784810122,0.53353220660426859
100,0,lefood-0037,0,0
100,0,lefood-0038,0,0.1854544371581901
100,0,lefood-0039,0.11764705882352941,0.27817281632193258
100,0,lefood-0040,0,0
100,0,lefood-0041,0.76190476190476186,0.55714160210936836
100,0,lefood-0043,0.53020134228187921,0.73944297704274042
100,0,lefood-0044,0,0.015079257572545968
100,0,lefood-0045,0.21348314606741572,0.0010932618520347326
100,0,lefood-0046,0.50285714285714289,0.51622736938639735
100,0,lefood-0047,0.065217391304347824,0.28590388695555463
100,0,lefood-0048,0.49404761904761907,0.53869121642247264
100,0,lefood-0049,0,0.0062701800165267385
100,0,lefood-0050,0.73684210526315785,0.64832241943835633
100,0,lefood-0051,0,0.12723256807744987
100,0,lefood-0052,0.98461538461538467,0.89723829272282041
100,0,lefood-0053,0.19083969465648856,0.31771989899871927
100,0,lefood-0054,0,0.12935680404458755
100,0,lefood-0055,0.55462184873949583,0.66984809493429687
100,0,lefood-0056,0,0.14194653293823806
100,0,lefood-0057,0,0.27856053414541598
100,0,lefood-0058,0.88976377952755903,0.79733401148960492
100,0,lefood-0059,0.8671875,0.90484505540507087
100,0,lefood-0060,0,0
100,0,lefood-0061,0.92561983471074383,0.83700076901279696
100,0,lefood-0062,0.083333333333333329,0.047533252333871068
100,0,lefood-0063,0.99224806201550386,0.89622390161382037
100,0,lefood-0064,0,0.043437523750306295
100,0,lefood-0065,0.96999999999999997,0.92062077281316612
100,0,lefood-0066,0.11382113821138211,0.29317357313017445
100,0,lefood-0067,0.16080402010050251,0.50328305339253343
100,0,lefood-0068,0.20945945945945946,0.32181770063686799
100,0,lefood-0069,0.92405063291139244,0.85051406579569733
100,0,lefood-0070,0.41935483870967744,0.56008935699881413
100,0,lefood-0071,0.77519379844961245,0.80475959769244887
100,0,lefood-0072,0.068181818181818177,0.096390002034761058
100,0,lefood-0073,0,0.16224172769122869
100,0,lefood-0074,0.9942196531791907,1
100,0,lefood-0075,0,0.15676181885233814
100,0,lefood-0076,0.45522388059701491,0.54956023251778374
100,0,lefood-0077,0.024,0.061237926532092202
100,0,lefood-0078,0,0.054323953880014875
100,0,lefood-0079,0,0.14011051505974009
100,0,lefood-0080,0,0.05457766752105131
100,0,lefood-0179,0.98076923076923073,1
100,0,lefood-0180,0.14285714285714285,0.36917105891286894
100,0,lefood-0345,1,0.69718093777504841
100,0,lefood-0346,0,0.078001536984403985
100,0,lefood-0348,0.083333333333333329,0.39874326313985842
100,0,lefood-0349,0,0.019715265455671593
100,0,lefood-0350,1,0.66191108009358002
100,0,lefood-0351,0,0
100,0,lefood-0353,1,0.46491990449634168
100,0,lefood-0354,0.94117647058823528,0.81359783533703434
100,0,lefood-0355,0.23529411764705882,0.43550570971970026
100,0,lefood-0356,0.96551724137931039,0.77340903718694809
100,0,lefood-0358,0.94117647058823528,0.74380112318519698
100,0,lefood-0359,1,0.84574095135935401
100,0,lefood-0360,0,0
100,0,lefood-0361,1,0.79707168821057817
100,0,lefood-0381,1,0.87475701269398232
100,0,lefood-0382,0,0
100,0,lefood-0383,0,0
100,0,lefood-0385,0.071428571428571425,0.10021799106756429
100,0,lefood-0386,0,0.0572398417772505
100,0,lefood-0387,0,0
100,0,lefood-0526,1,0.91767903754468239
100,0,lefood-0527,0,0
100,0,lefood-0529,0.3235294117647059,0.41023188674838518
100,1,lefood-0081,0.26623376623376621,0.37534151916416758
100,1,lefood-0082,0.034482758620689655,0.034526070547299281
100,1,lefood-0083,1,1
100,1,lefood-0084,0.58241758241758246,0.72013411133794247
100,1,lefood-0085,0.3392857142857143,0.59337653675789581
100,1,lefood-0086,0.26190476190476192,0.44537099262592922
100,1,lefood-0087,0,0.30764068356882202
100,1,lefood-0088,0,0.11506777027396958
100,1,lefood-0089,0.80128205128205132,0.66027888753993691
100,1,lefood-0090,0.56818181818181823,0.58191562920075202
100,1,lefood-0091,0.70949720670391059,0.6371191886712243
100,1,lefood-0092,0.35714285714285715,0.606100669098943
100,1,lefood-0093,0,0.07567820915275586
100,1,lefood-0094,0,0.18637642683830785
100,1,lefood-0095,0,0
100,1,lefood-0096,0.36842105263157893,0.4265407482868504
100,1,lefood-0097,0.36752136752136755,0.54850975423198989
100,1,lefood-0098,0,0.017931718758921023
100,1,lefood-0099,0.0044052863436123352,0.0040093911314798558
100,1,lefood-0100,0.70731707317073167,0.53737062678297698
100,1,lefood-0101,0.32236842105263158,0.38213300880432149
100,1,lefood-0102,0.98907103825136611,0.93535701167077678
100,1,lefood-0103,0.79234972677595628,0.69363363187205174
100,1,lefood-0104,0.10778443113772455,0.18081222343766906
100,1,lefood-0105,0.18620689655172415,0.15060951680384091
100,1,lefood-0106,0.82631578947368423,0.64646643954127048
100,1,lefood-0107,0.81142857142857139,0.7329700489197829
100,1,lefood-0108,0,0.075859826463982039
100,1,lefood-0109,0.43548387096774194,0.71221948169979488
100,1,lefood-0110,0,0.078677920549547309
100,1,lefood-0111,0.60256410256410253,0.59940464028872109
100,1,lefood-0112,0.63758389261744963,0.52306102726020942
100,1,lefood-0113,0.015503875968992248,0.13146056233290274
100,1,lefood-0114,0.87730061349693256,1
100,1,lefood-0115,1,0.84542102364657945
100,1,lefood-0116,0.95833333333333337,1
100,1,lefood-0117,0,0.69717320255860904
100,1,lefood-0118,0.49677419354838709,0.016231202724241001
100,1,lefood-0119,0.032051282051282048,0.29312891471292835
100,1,lefood-0120,0.54482758620689653,0.51755588102061234
100,1,lefood-0121,0.98684210526315785,0.9599829195089894
100,1,lefood-0122,0,0
100,1,lefood-0123,0.99315068493150682,0.70865544168357109
100,1,lefood-0124,0,0.11068318682999795
100,1,lefood-0125,0.5220588235294118,0.72379959550409934
100,1,lefood-0126,0.5,0.5588934452754164
100,1,lefood-0127,0.071428571428571425,0
100,1,lefood-0128,0,0
100,1,lefood-0130,1,1
100,1,lefood-0131,0,0.037512905861069146
100,1,lefood-0132,0.99024390243902438,0.79284072993623356
100,1,lefood-0133,0,0.091371094851129986
100,1,lefood-0134,0.10596026490066225,0.22202887880689032
100,1,lefood-0135,0.7133757961783439,0.72306327967160267
100,1,lefood-0136,0,0.092243587303023344
100,1,lefood-0137,0,0.14433433101825532
100,1,lefood-0138,0,0.10213525726202488
100,1,lefood-0139,0,0.11721234114300957
100,1,lefood-0140,0.17088607594936708,0.17008972404068623
100,1,lefood-0142,0.0057471264367816091,0.1046960215530543
100,1,lefood-0143,0.77058823529411768,0.8790319430682787
100,1,lefood-0144,0.010526315789473684,0.10204233970722537
100,1,lefood-0145,0.011494252873563218,0.059978214619475001
100,1,lefood-0146,0.989247311827957,0.95582940975593411
100,1,lefood-0147,0.40437158469945356,0.45030786725443073
100,1,lefood-0148,0.55952380952380953,0.56140431200957441
100,1,lefood-0149,0.73584905660377353,0.75266530702031886
100,1,lefood-0150,0.99375000000000002,1
100,1,lefood-0151,0.79081632653061229,0.94229968365330574
100,1,lefood-0152,0.51891891891891895,0.57990558162859474
100,1,lefood-0153,0,0.32631951038297208
100,1,lefood-0154,0,0
100,1,lefood-0155,0.36477987421383645,0.18086834030996396
100,1,lefood-0156,0.084337349397590355,0.057135854452044943
100,1,lefood-0157,0.67701863354037262,0.71926083319869483
100,1,lefood-0158,0.033333333333333333,0.078587197448690915
100,1,lefood-0203,0.13636363636363635,0
100,1,lefood-0204,0.058823529411764705,0
100,1,lefood-0205,0.87804878048780488,0.96925664078978446
100,1,lefood-0206,0.022727272727272728,0
100,1,lefood-0228,0.57352941176470584,0.70504539940322775
100,1,lefood-0229,0.46875,0.54769150754062057
100,1,lefood-0230,0.96491228070175439,0.71840566045755128
100,1,lefood-0231,0,0
100,1,lefood-0232,0.98275862068965514,0.84390313791656046
100,1,lefood-0233,0,0
100,1,lefood-0234,0.18390804597701149,0.1321958854480359
100,1,lefood-0235,0,0.015808221735354899
100,1,lefood-0236,0.95454545454545459,0.6625159351245985
100,1,lefood-0295,0,0.033596246896360427
100,1,lefood-0296,0.70454545454545459,0.77386326992710952
100,1,lefood-0297,0.31666666666666665,0.47991238351390775
100,1,lefood-0298,0,0
100,1,lefood-0299,0.12,0.39781717188370219
100,1,lefood-0300,0,0.023603843464554186
100,1,lefood-0301,0.91891891891891897,0.72213865048531545
100,1,lefood-0302,0.27083333333333331,0.50450326865109896
100,1,lefood-0303,0,0.34583251485765309
100,1,lefood-0304,0.90909090909090906,0.8180643223015488
100,1,lefood-0305,0.43478260869565216,0.37833172534645709
100,1,lefood-0306,0,0
100,1,lefood-0307,0,0.054053568072311653
100,1,lefood-0308,0.083333333333333329,0
100,3,lefood-0159,1,1
100,3,lefood-0181,0.0625,0.27603931053384345
100,3,lefood-0182,1,0.71942995540166665
100,3,lefood-0272,1,0.98751600520395555
100,3,lefood-0273,0.97619047619047616,0.87090603907241038
100,3,lefood-0274,0.46000000000000002,0.81513414505670079
100,3,lefood-0275,0,0.016219875329046674
100,3,lefood-0276,0.55223880597014929,0.85896390786241228
100,3,lefood-0277,0.3888888888888889,0.71873714978196601
100,3,lefood-0278,0,0.09165688666541516
100,3,lefood-0279,0.33823529411764708,0.29040907669134858
100,3,lefood-0280,0.12280701754385964,0.068428581713359027
100,3,lefood-0281,0.65384615384615385,0.93107437596558096
100,3,lefood-0282,0.51724137931034486,0.89565830284108594
100,3,lefood-0283,0.97959183673469385,0.99438691120547673
100,3,lefood-0284,0,0
100,3,lefood-0285,0,0.058313910627334042
100,3,lefood-0286,0.44444444444444442,0.53458541850353636
100,3,lefood-0287,0,0.10136208220949616
100,3,lefood-0288,0.41176470588235292,0.59289275583276035
100,3,lefood-0289,0,0.15996013338147347
100,3,lefood-0290,0,0.085471154367706803
100,3,lefood-0291,0.47999999999999998,0.40092200515115922
100,3,lefood-0292,0.020408163265306121,0.030431845131245694
100,3,lefood-0293,0,0.016405879438050719
100,3,lefood-0309,0,0.17405660949335414
100,3,lefood-0310,0,0.090183073467964725
100,3,lefood-0311,0.32608695652173914,0.43940352510917474
100,3,lefood-0312,0,0
100,3,lefood-0313,0.46153846153846156,0.3746142088870556
100,3,lefood-0314,0.068965517241379309,0.13676818517939865
100,3,lefood-0315,0,0
100,3,lefood-0317,0.98245614035087714,0.67772248429528092
100,3,lefood-0318,0,0.10322803230229044
100,3,lefood-0319,1,1
100,3,lefood-0320,0.85416666666666663,0
100,3,lefood-0321,0,0.090360549234800358
100,3,lefood-0322,0,0.030968085607085527
100,3,lefood-0323,0,0.26157533081998896
100,3,lefood-0324,0.97777777777777775,0.82087389256954135
100,3,lefood-0325,0.081632653061224483,0.21663065209063032
100,3,lefood-0326,0,0.0905628919957705
100,3,lefood-0327,0,0.084412102590896543
100,3,lefood-0328,0,0.17363557065143115
100,3,lefood-0330,0.46296296296296297,0.51433322228224865
100,3,lefood-0336,0.16,0.39023691056182253
100,3,lefood-0337,0.54166666666666663,0.83871549838357651
100,3,lefood-0338,0,0.21622295571151695
100,3,lefood-0339,0.65217391304347827,0.6471820391803661
100,3,lefood-0340,0,0.25988993798390292
100,3,lefood-0368,0,0
100,3,lefood-0369,0.72222222222222221,0.64210048036614964
100,3,lefood-0370,1,0.83933498190432121
100,3,lefood-0372,0,0
100,3,lefood-0373,0,0.10519235125435922
100,3,lefood-0374,0,0
100,3,lefood-0375,0,0
100,3,lefood-0376,0.53846153846153844,0.72499314431167927
100,3,lefood-0377,0,0.010393270544423905
100,3,lefood-0378,0.32558139534883723,0.44311668718297514
100,3,lefood-0379,0,0
100,3,lefood-0380,0,0.033453904700480486
100,3,lefood-0435,0,0.19773517652474612
100,3,lefood-0436,0.82857142857142863,0.76148871910437266
100,3,lefood-0437,0.58695652173913049,0.70355898697635355
100,3,lefood-0438,0.64912280701754388,0.78742299524119819
100,3,lefood-0439,0,0.25762807706371749
100,3,lefood-0440,0,0.060201183560575022
100,3,lefood-0441,0.64864864864864868,0.88866524244259715
100,3,lefood-0442,0.92500000000000004,1
100,3,lefood-0443,0.80645161290322576,0.84650891696648023
100,3,lefood-0444,0.89189189189189189,1
100,3,lefood-0445,0,0.11414969236520686
100,3,lefood-0446,0.97222222222222221,1
100,3,lefood-0447,0.96551724137931039,1
100,3,lefood-0448,0,0.22898328129129264
100,3,lefood-0449,0.86046511627906974,0.66626928923532203
100,3,lefood-0450,0.1951219512195122,0.31493627918441136
100,3,lefood-0451,0.88888888888888884,0.95277816925406766
100,3,lefood-0452,0.65000000000000002,1
100,3,lefood-0453,0,0.20472350109849835
100,3,lefood-0504,1,0.93939187647677558
100,3,lefood-0505,0.96551724137931039,0.96313514076540685
100,3,lefood-0506,0,0.22390928238498134
100,3,lefood-0507,0.7407407407407407,0.19686171961240306
100,3,lefood-0508,0.53333333333333333,0.73583242665831117
100,3,lefood-0509,0.33333333333333331,0.55996052808826158
100,3,lefood-0510,0,0.23397003558777668
100,3,lefood-0511,0,0.24054884618189468
100,3,lefood-0512,0.80000000000000004,0.89052413786344076
100,3,lefood-0513,0,0.26608435219040028
100,3,lefood-0514,0.77777777777777779,1
100,3,lefood-0515,1,0.91482561618595293
100,3,lefood-0516,0.94999999999999996,0.80918070230713135
100,3,lefood-0517,0,0.159319749034606
100,3,lefood-0518,0,0.019376161763926758
100,3,lefood-0519,0,0.14578819186184705
100,3,lefood-0520,0,0.30076862327723913
100,3,lefood-0521,0.74358974358974361,0.77275184745866254
100,3,lefood-0522,0,0
100,3,lefood-0523,0.43333333333333335,0.78566170682566738
100,3,lefood-0524,0.033333333333333333,0.17405706474720645
100,3,lefood-0525,0.2857142857142857,0.29445350444487095
100,4,lefood-0001,0.96209912536443154,0.9301726502048977
100,4,lefood-0160,0.5357142857142857,0.69056415423216322
100,4,lefood-0161,0,0.036627843058868792
100,4,lefood-0162,0,0
100,4,lefood-0163,0,0.075821551029182477
100,4,lefood-0164,0,0.18248941320050965
100,4,lefood-0166,0.037037037037037035,0.20976635489241208
100,4,lefood-0167,0,0.036321802244861201
100,4,lefood-0168,0,0.015094160329223116
100,4,lefood-0169,0.2857142857142857,0.33971744894964334
100,4,lefood-0170,0,0.025625234043594958
100,4,lefood-0171,0,0.18216242612840472
100,4,lefood-0172,0.61904761904761907,0.71360142174085861
100,4,lefood-0173,0,0.066795115189438869
100,4,lefood-0174,0,0
100,4,lefood-0175,0,0
100,4,lefood-0177,0,0.03772148653685975
100,4,lefood-0178,0,0
100,4,lefood-0183,0.074999999999999997,0.35753366761992533
100,4,lefood-0184,0.6071428571428571,0.29655615162582744
100,4,lefood-0185,1,0.72615261834096101
100,4,lefood-0187,0,0.05205086023744826
100,4,lefood-0188,0,0
100,4,lefood-0189,0,0.037473109651225467
100,4,lefood-0190,0.36734693877551022,0.2959804468306102
100,4,lefood-0191,1,0.79634228896644177
100,4,lefood-0192,0.46153846153846156,0.87453399917183705
100,4,lefood-0194,0,0.1832205429216324
100,4,lefood-0195,1,0.9063407992373731
100,4,lefood-0196,0.97222222222222221,0.77005057461669746
100,4,lefood-0197,0,0.1101389368739002
100,4,lefood-0198,0.64102564102564108,0.80730932506604658
100,4,lefood-0200,0.20512820512820512,0.52553608411253427
100,4,lefood-0201,0,0.035174627509698686
100,4,lefood-0202,0,0.022702636048959446
100,4,lefood-0341,0.73684210526315785,0.68948956334322375
100,4,lefood-0342,0.95238095238095233,0.65218359323846753
100,4,lefood-0343,0,0.22967420518023129
100,4,lefood-0344,0,0.16973454490338996
100,4,lefood-0362,0.82758620689655171,0.52725590612076778
100,4,lefood-0363,0,0
100,4,lefood-0364,0,0
100,4,lefood-0365,0,0
100,4,lefood-0366,0,0
100,4,lefood-0367,0,0
100,4,lefood-0388,0.94285714285714284,0.79831857137390738
100,4,lefood-0389,1,0.87641804966849923
100,4,lefood-0391,0.97142857142857142,0.7517735291686074
100,4,lefood-0392,0,0.10462362033553457
100,4,lefood-0393,0.95522388059701491,0.7579772025553666
100,4,lefood-0394,0.92156862745098034,0.88515952310659562
100,4,lefood-0395,0,0
100,4,lefood-0396,1,0.98477193302349764
100,4,lefood-0397,0,0
100,4,lefood-0398,1,0.60399681122128301
100,4,lefood-0399,0,0.13365393108818094
100,4,lefood-0400,0,0.92017162312816514
100,4,lefood-0401,0,0.16581672547047838
100,4,lefood-0402,0,0.14077538635666242
100,4,lefood-0403,0.97142857142857142,0.77548124474431956
100,4,lefood-0404,0,0.17584478814473103
100,4,lefood-0405,0,0.16673758801647126
100,4,lefood-0407,0.97222222222222221,0.78041567847672066
100,4,lefood-0408,0,0
100,4,lefood-0409,0.97142857142857142,0.57405983351986967
100,4,lefood-0410,0.88372093023255816,0.62988503034189836
100,4,lefood-0411,1,0.79110376116313619
100,4,lefood-0412,1,0.90826390973588977
100,4,lefood-0413,0,0
100,4,lefood-0414,0,0.15422468330370079
100,4,lefood-0415,0,0
100,4,lefood-0416,1,0.74468196446544332
100,4,lefood-0417,0,0
100,4,lefood-0418,0,0
100,4,lefood-0419,0,0
100,4,lefood-0420,0,0.086830078293361534
100,4,lefood-0421,0,0.02050108527839517
100,4,lefood-0422,0,0.031612669335846111
100,4,lefood-0423,0.42857142857142855,0.56933109499521461
100,4,lefood-0424,0,0.088607674786526258
100,4,lefood-0426,0,0.11352418234083922
100,4,lefood-0427,0.59259259259259256,0.51724441975774593
100,4,lefood-0428,0,0.059968894082228663
100,4,lefood-0429,0.33333333333333331,0.3325870630678448
100,4,lefood-0430,0,0
100,4,lefood-0431,0,0.07506346197700825
100,4,lefood-0432,0,0
100,4,lefood-0433,0,0
100,4,lefood-0454,0.10810810810810811,0.37249523970946047
100,4,lefood-0456,0.5,0.89001480254196119
100,4,lefood-0457,0,0
100,4,lefood-0493,0,0.01272707933153755
100,4,lefood-0494,0,0.1461019924366917
100,4,lefood-0495,0.13333333333333333,0.31132996190733525
100,4,lefood-0496,1,1
100,4,lefood-0497,0.1111111111111111,0.19657656284605315
100,4,lefood-0498,1,0.76151421769690453
100,4,lefood-0499,0,0.050386608941158817
100,4,lefood-0500,1,0.90220438728172558
100,4,lefood-0501,1,0.84411461182662983
100,4,lefood-0502,0.47368421052631576,0.63753534384230326
100,4,lefood-0503,1,0.85033579595754971
