sample_id,original_after_path,wrong_after_path,source_sample_id,rule,scope
lefood-0001,leftover dataset/data_after/000/000_000_DSC_0032_aft.JPG,leftover dataset/data_after/004/004_159_DSC_0107_aft.JPG,lefood-0160,same_fold_singleton_swap,training
lefood-0002,leftover dataset/data_after/001/001_001_DSC_0108_aft.JPG,leftover dataset/data_after/001/001_002_DSC_0095_aft.JPG,lefood-0003,within_category_cyclic,training
lefood-0003,leftover dataset/data_after/001/001_002_DSC_0095_aft.JPG,leftover dataset/data_after/001/001_003_DSC_0097_aft.JPG,lefood-0004,within_category_cyclic,training
lefood-0004,leftover dataset/data_after/001/001_003_DSC_0097_aft.JPG,leftover dataset/data_after/001/001_008_DSC_0101_aft.JPG,lefood-0005,within_category_cyclic,training
lefood-0005,leftover dataset/data_after/001/001_008_DSC_0101_aft.JPG,leftover dataset/data_after/001/001_009_DSC_0165_aft.JPG,lefood-0006,within_category_cyclic,training
lefood-0006,leftover dataset/data_after/001/001_009_DSC_0165_aft.JPG,leftover dataset/data_after/001/001_010_DSC_0169_aft.JPG,lefood-0007,within_category_cyclic,training
lefood-0007,leftover dataset/data_after/001/001_010_DSC_0169_aft.JPG,leftover dataset/data_after/001/001_012_DSC_0260_aft.JPG,lefood-0008,within_category_cyclic,training
lefood-0008,leftover dataset/data_after/001/001_012_DSC_0260_aft.JPG,leftover dataset/data_after/001/001_013_DSC_0228_aft.JPG,lefood-0009,within_category_cyclic,training
lefood-0009,leftover dataset/data_after/001/001_013_DSC_0228_aft.JPG,leftover dataset/data_after/001/001_014_DSC_0238_aft.JPG,lefood-0010,within_category_cyclic,training
lefood-0010,leftover dataset/data_after/001/001_014_DSC_0238_aft.JPG,leftover dataset/data_after/001/001_015_DSC_0241_aft.JPG,lefood-0011,within_category_cyclic,training
lefood-0011,leftover dataset/data_after/001/001_015_DSC_0241_aft.JPG,leftover dataset/data_after/001/001_021_DSC_0326_aft.JPG,lefood-0012,within_category_cyclic,training
lefood-0012,leftover dataset/data_after/001/001_021_DSC_0326_aft.JPG,leftover dataset/data_after/001/001_022_DSC_0322_aft.JPG,lefood-0013,within_category_cyclic,training
lefood-0013,leftover dataset/data_after/001/001_022_DSC_0322_aft.JPG,leftover dataset/data_after/001/001_023_DSC_0338_aft.JPG,lefood-0014,within_category_cyclic,training
lefood-0014,leftover dataset/data_after/001/001_023_DSC_0338_aft.JPG,leftover dataset/data_after/001/001_026_DSC_0320_aft.JPG,lefood-0015,within_category_cyclic,training
lefood-0015,leftover dataset/data_after/001/001_026_DSC_0320_aft.JPG,leftover dataset/data_after/001/001_027_DSC_0421_aft.JPG,lefood-0016,within_category_cyclic,training
lefood-0016,leftover dataset/data_after/001/001_027_DSC_0421_aft.JPG,leftover dataset/data_after/001/001_028_DSC_0411_aft.JPG,lefood-0017,within_category_cyclic,training
lefood-0017,leftover dataset/data_after/001/001_028_DSC_0411_aft.JPG,leftover dataset/data_after/001/001_029_DSC_0391_aft.JPG,lefood-0018,within_category_cyclic,training
lefood-0018,leftover dataset/data_after/001/001_029_DSC_0391_aft.JPG,leftover dataset/data_after/001/001_030_DSC_0416_aft.JPG,lefood-0019,within_category_cyclic,training
lefood-0019,leftover dataset/data_after/001/001_030_DSC_0416_aft.JPG,leftover dataset/data_after/001/001_031_DSC_0393_aft.JPG,lefood-0020,within_category_cyclic,training
lefood-0020,leftover dataset/data_after/001/001_031_DSC_0393_aft.JPG,leftover dataset/data_after/001/001_036_DSC_0477_aft.JPG,lefood-0021,within_category_cyclic,training
lefood-0021,leftover dataset/data_after/001/001_036_DSC_0477_aft.JPG,leftover dataset/data_after/001/001_037_DSC_0479_aft.JPG,lefood-0022,within_category_cyclic,training
lefood-0022,leftover dataset/data_after/001/001_037_DSC_0479_aft.JPG,leftover dataset/data_after/001/001_038_DSC_0478_aft.JPG,lefood-0023,within_category_cyclic,training
lefood-0023,leftover dataset/data_after/001/001_038_DSC_0478_aft.JPG,leftover dataset/data_after/001/001_044_DSC_0581_aft.JPG,lefood-0024,within_category_cyclic,training
lefood-0024,leftover dataset/data_after/001/001_044_DSC_0581_aft.JPG,leftover dataset/data_after/001/001_045_DSC_0579_aft.JPG,lefood-0025,within_category_cyclic,training
lefood-0025,leftover dataset/data_after/001/001_045_DSC_0579_aft.JPG,leftover dataset/data_after/001/001_046_DSC_0573_aft.JPG,lefood-0026,within_category_cyclic,training
lefood-0026,leftover dataset/data_after/001/001_046_DSC_0573_aft.JPG,leftover dataset/data_after/001/001_049_DSC_0516_aft.JPG,lefood-0027,within_category_cyclic,training
lefood-0027,leftover dataset/data_after/001/001_049_DSC_0516_aft.JPG,leftover dataset/data_after/001/001_050_DSC_0517_aft.JPG,lefood-0028,within_category_cyclic,training
lefood-0028,leftover dataset/data_after/001/001_050_DSC_0517_aft.JPG,leftover dataset/data_after/001/001_051_DSC_0687_aft.JPG,lefood-0029,within_category_cyclic,training
lefood-0029,leftover dataset/data_after/001/001_051_DSC_0687_aft.JPG,leftover dataset/data_after/001/001_052_DSC_0654_aft.JPG,lefood-0030,within_category_cyclic,training
lefood-0030,leftover dataset/data_after/001/001_052_DSC_0654_aft.JPG,leftover dataset/data_after/001/001_053_DSC_0660_aft.JPG,lefood-0031,within_category_cyclic,training
lefood-0031,leftover dataset/data_after/001/001_053_DSC_0660_aft.JPG,leftover dataset/data_after/001/001_054_DSC_0664_aft.JPG,lefood-0032,within_category_cyclic,training
lefood-0032,leftover dataset/data_after/001/001_054_DSC_0664_aft.JPG,leftover dataset/data_after/001/001_055_DSC_0672_aft.JPG,lefood-0033,within_category_cyclic,training
lefood-0033,leftover dataset/data_after/001/001_055_DSC_0672_aft.JPG,leftover dataset/data_after/001/001_062_DSC_0806_aft.JPG,lefood-0034,within_category_cyclic,training
lefood-0034,leftover dataset/data_after/001/001_062_DSC_0806_aft.JPG,leftover dataset/data_after/001/001_063_DSC_0811_aft.JPG,lefood-0035,within_category_cyclic,training
lefood-0035,leftover dataset/data_after/001/001_063_DSC_0811_aft.JPG,leftover dataset/data_after/001/001_064_DSC_0790_aft.JPG,lefood-0036,within_category_cyclic,training
lefood-0036,leftover dataset/data_after/001/001_064_DSC_0790_aft.JPG,leftover dataset/data_after/001/001_065_DSC_0787_aft.JPG,lefood-0037,within_category_cyclic,training
lefood-0037,leftover dataset/data_after/001/001_065_DSC_0787_aft.JPG,leftover dataset/data_after/001/001_066_DSC_0761_aft.JPG,lefood-0038,within_category_cyclic,training
lefood-0038,leftover dataset/data_after/001/001_066_DSC_0761_aft.JPG,leftover dataset/data_after/001/001_067_DSC_0765_aft.JPG,lefood-0039,within_category_cyclic,training
lefood-0039,leftover dataset/data_after/001/001_067_DSC_0765_aft.JPG,leftover dataset/data_after/001/001_074_DSC_0879_aft.JPG,lefood-0040,within_category_cyclic,training
lefood-0040,leftover dataset/data_after/001/001_074_DSC_0879_aft.JPG,leftover dataset/data_after/001/001_075_DSC_0909_aft.JPG,lefood-0041,within_category_cyclic,training
lefood-0041,leftover dataset/data_after/001/001_075_DSC_0909_aft.JPG,leftover dataset/data_after/001/001_077_DSC_0878_aft.JPG,lefood-0043,within_category_cyclic,training
lefood-0043,leftover dataset/data_after/001/001_077_DSC_0878_aft.JPG,leftover dataset/data_after/001/001_078_DSC_0873_aft.JPG,lefood-0044,within_category_cyclic,training
lefood-0044,leftover dataset/data_after/001/001_078_DSC_0873_aft.JPG,leftover dataset/data_after/001/001_079_DSC_0872_aft.JPG,lefood-0045,within_category_cyclic,training
lefood-0045,leftover dataset/data_after/001/001_079_DSC_0872_aft.JPG,leftover dataset/data_after/001/001_084_DSC_0973_aft.JPG,lefood-0046,within_category_cyclic,training
lefood-0046,leftover dataset/data_after/001/001_084_DSC_0973_aft.JPG,leftover dataset/data_after/001/001_085_DSC_0977_aft.JPG,lefood-0047,within_category_cyclic,training
lefood-0047,leftover dataset/data_after/001/001_085_DSC_0977_aft.JPG,leftover dataset/data_after/001/001_086_DSC_0981_aft.JPG,lefood-0048,within_category_cyclic,training
lefood-0048,leftover dataset/data_after/001/001_086_DSC_0981_aft.JPG,leftover dataset/data_after/001/001_087_DSC_0988_aft.JPG,lefood-0049,within_category_cyclic,training
lefood-0049,leftover dataset/data_after/001/001_087_DSC_0988_aft.JPG,leftover dataset/data_after/001/001_088_DSC_0989_aft.JPG,lefood-0050,within_category_cyclic,training
lefood-0050,leftover dataset/data_after/001/001_088_DSC_0989_aft.JPG,leftover dataset/data_after/001/001_095_DSC_0094_aft.JPG,lefood-0051,within_category_cyclic,training
lefood-0051,leftover dataset/data_after/001/001_095_DSC_0094_aft.JPG,leftover dataset/data_after/001/001_096_DSC_0088_aft.JPG,lefood-0052,within_category_cyclic,training
lefood-0052,leftover dataset/data_after/001/001_096_DSC_0088_aft.JPG,leftover dataset/data_after/001/001_097_DSC_0085_aft.JPG,lefood-0053,within_category_cyclic,training
lefood-0053,leftover dataset/data_after/001/001_097_DSC_0085_aft.JPG,leftover dataset/data_after/001/001_098_DSC_0079_aft.JPG,lefood-0054,within_category_cyclic,training
lefood-0054,leftover dataset/data_after/001/001_098_DSC_0079_aft.JPG,leftover dataset/data_after/001/001_105_DSC_0181_aft.JPG,lefood-0055,within_category_cyclic,training
lefood-0055,leftover dataset/data_after/001/001_105_DSC_0181_aft.JPG,leftover dataset/data_after/001/001_106_DSC_0183_aft.JPG,lefood-0056,within_category_cyclic,training
lefood-0056,leftover dataset/data_after/001/001_106_DSC_0183_aft.JPG,leftover dataset/data_after/001/001_107_DSC_0186_aft.JPG,lefood-0057,within_category_cyclic,training
lefood-0057,leftover dataset/data_after/001/001_107_DSC_0186_aft.JPG,leftover dataset/data_after/001/001_108_DSC_0192_aft.JPG,lefood-0058,within_category_cyclic,training
lefood-0058,leftover dataset/data_after/001/001_108_DSC_0192_aft.JPG,leftover dataset/data_after/001/001_109_DSC_0170_aft.JPG,lefood-0059,within_category_cyclic,training
lefood-0059,leftover dataset/data_after/001/001_109_DSC_0170_aft.JPG,leftover dataset/data_after/001/001_110_DSC_0174_aft.JPG,lefood-0060,within_category_cyclic,training
lefood-0060,leftover dataset/data_after/001/001_110_DSC_0174_aft.JPG,leftover dataset/data_after/001/001_116_DSC_0272_aft.JPG,lefood-0061,within_category_cyclic,training
lefood-0061,leftover dataset/data_after/001/001_116_DSC_0272_aft.JPG,leftover dataset/data_after/001/001_117_DSC_0302_aft.JPG,lefood-0062,within_category_cyclic,training
lefood-0062,leftover dataset/data_after/001/001_117_DSC_0302_aft.JPG,leftover dataset/data_after/001/001_118_DSC_0306_aft.JPG,lefood-0063,within_category_cyclic,training
lefood-0063,leftover dataset/data_after/001/001_118_DSC_0306_aft.JPG,leftover dataset/data_after/001/001_119_DSC_0268_aft.JPG,lefood-0064,within_category_cyclic,training
lefood-0064,leftover dataset/data_after/001/001_119_DSC_0268_aft.JPG,leftover dataset/data_after/001/001_125_DSC_0396_aft.JPG,lefood-0065,within_category_cyclic,training
lefood-0065,leftover dataset/data_after/001/001_125_DSC_0396_aft.JPG,leftover dataset/data_after/001/001_126_DSC_0390_aft.JPG,lefood-0066,within_category_cyclic,training
lefood-0066,leftover dataset/data_after/001/001_126_DSC_0390_aft.JPG,leftover dataset/data_after/001/001_127_DSC_0393_aft.JPG,lefood-0067,within_category_cyclic,training
lefood-0067,leftover dataset/data_after/001/001_127_DSC_0393_aft.JPG,leftover dataset/data_after/001/001_128_DSC_0371_aft.JPG,lefood-0068,within_category_cyclic,training
lefood-0068,leftover dataset/data_after/001/001_128_DSC_0371_aft.JPG,leftover dataset/data_after/001/001_129_DSC_0377_aft.JPG,lefood-0069,within_category_cyclic,training
lefood-0069,leftover dataset/data_after/001/001_129_DSC_0377_aft.JPG,leftover dataset/data_after/001/001_134_DSC_0487_aft.JPG,lefood-0070,within_category_cyclic,training
lefood-0070,leftover dataset/data_after/001/001_134_DSC_0487_aft.JPG,leftover dataset/data_after/001/001_135_DSC_0484_aft.JPG,lefood-0071,within_category_cyclic,training
lefood-0071,leftover dataset/data_after/001/001_135_DSC_0484_aft.JPG,leftover dataset/data_after/001/001_136_DSC_0479_aft.JPG,lefood-0072,within_category_cyclic,training
lefood-0072,leftover dataset/data_after/001/001_136_DSC_0479_aft.JPG,leftover dataset/data_after/001/001_137_DSC_0455_aft.JPG,lefood-0073,within_category_cyclic,training
lefood-0073,leftover dataset/data_after/001/001_137_DSC_0455_aft.JPG,leftover dataset/data_after/001/001_144_DSC_0586_aft.JPG,lefood-0074,within_category_cyclic,training
lefood-0074,leftover dataset/data_after/001/001_144_DSC_0586_aft.JPG,leftover dataset/data_after/001/001_145_DSC_0591_aft.JPG,lefood-0075,within_category_cyclic,training
lefood-0075,leftover dataset/data_after/001/001_145_DSC_0591_aft.JPG,leftover dataset/data_after/001/001_146_DSC_0598_aft.JPG,lefood-0076,within_category_cyclic,training
lefood-0076,leftover dataset/data_after/001/001_146_DSC_0598_aft.JPG,leftover dataset/data_after/001/001_147_DSC_0580_aft.JPG,lefood-0077,within_category_cyclic,training
lefood-0077,leftover dataset/data_after/001/001_147_DSC_0580_aft.JPG,leftover dataset/data_after/001/001_148_DSC_0585_aft.JPG,lefood-0078,within_category_cyclic,training
lefood-0078,leftover dataset/data_after/001/001_148_DSC_0585_aft.JPG,leftover dataset/data_after/001/001_155_DSC_0639_aft.JPG,lefood-0079,within_category_cyclic,training
lefood-0079,leftover dataset/data_after/001/001_155_DSC_0639_aft.JPG,leftover dataset/data_after/001/001_156_DSC_0646_aft.JPG,lefood-0080,within_category_cyclic,training
lefood-0080,leftover dataset/data_after/001/001_156_DSC_0646_aft.JPG,leftover dataset/data_after/001/001_001_DSC_0108_aft.JPG,lefood-0002,within_category_cyclic,training
lefood-0081,leftover dataset/data_after/002/002_004_DSC_0085_aft.JPG,leftover dataset/data_after/002/002_005_DSC_0082_aft.JPG,lefood-0082,within_category_cyclic,training
lefood-0082,leftover dataset/data_after/002/002_005_DSC_0082_aft.JPG,leftover dataset/data_after/002/002_006_DSC_0088_aft.JPG,lefood-0083,within_category_cyclic,training
lefood-0083,leftover dataset/data_after/002/002_006_DSC_0088_aft.JPG,leftover dataset/data_after/002/002_007_DSC_0077_aft.JPG,lefood-0084,within_category_cyclic,training
lefood-0084,leftover dataset/data_after/002/002_007_DSC_0077_aft.JPG,leftover dataset/data_after/002/002_011_DSC_0175_aft.JPG,lefood-0085,within_category_cyclic,training
lefood-0085,leftover dataset/data_after/002/002_011_DSC_0175_aft.JPG,leftover dataset/data_after/002/002_016_DSC_0254_aft.JPG,lefood-0086,within_category_cyclic,training
lefood-0086,leftover dataset/data_after/002/002_016_DSC_0254_aft.JPG,leftover dataset/data_after/002/002_017_DSC_0223_aft.JPG,lefood-0087,within_category_cyclic,training
lefood-0087,leftover dataset/data_after/002/002_017_DSC_0223_aft.JPG,leftover dataset/data_after/002/002_018_DSC_0232_aft.JPG,lefood-0088,within_category_cyclic,training
lefood-0088,leftover dataset/data_after/002/002_018_DSC_0232_aft.JPG,leftover dataset/data_after/002/002_019_DSC_0244_aft.JPG,lefood-0089,within_category_cyclic,training
lefood-0089,leftover dataset/data_after/002/002_019_DSC_0244_aft.JPG,leftover dataset/data_after/002/002_020_DSC_0248_aft.JPG,lefood-0090,within_category_cyclic,training
lefood-0090,leftover dataset/data_after/002/002_020_DSC_0248_aft.JPG,leftover dataset/data_after/002/002_024_DSC_0307_aft.JPG,lefood-0091,within_category_cyclic,training
lefood-0091,leftover dataset/data_after/002/002_024_DSC_0307_aft.JPG,leftover dataset/data_after/002/002_025_DSC_0300_aft.JPG,lefood-0092,within_category_cyclic,training
lefood-0092,leftover dataset/data_after/002/002_025_DSC_0300_aft.JPG,leftover dataset/data_after/002/002_032_DSC_0410_aft.JPG,lefood-0093,within_category_cyclic,training
lefood-0093,leftover dataset/data_after/002/002_032_DSC_0410_aft.JPG,leftover dataset/data_after/002/002_033_DSC_0402_aft.JPG,lefood-0094,within_category_cyclic,training
lefood-0094,leftover dataset/data_after/002/002_033_DSC_0402_aft.JPG,leftover dataset/data_after/002/002_034_DSC_0396_aft.JPG,lefood-0095,within_category_cyclic,training
lefood-0095,leftover dataset/data_after/002/002_034_DSC_0396_aft.JPG,leftover dataset/data_after/002/002_035_DSC_0387_aft.JPG,lefood-0096,within_category_cyclic,training
lefood-0096,leftover dataset/data_after/002/002_035_DSC_0387_aft.JPG,leftover dataset/data_after/002/002_039_DSC_0495_aft.JPG,lefood-0097,within_category_cyclic,training
lefood-0097,leftover dataset/data_after/002/002_039_DSC_0495_aft.JPG,leftover dataset/data_after/002/002_040_DSC_0499_aft.JPG,lefood-0098,within_category_cyclic,training
lefood-0098,leftover dataset/data_after/002/002_040_DSC_0499_aft.JPG,leftover dataset/data_after/002/002_041_DSC_0489_aft.JPG,lefood-0099,within_category_cyclic,training
lefood-0099,leftover dataset/data_after/002/002_041_DSC_0489_aft.JPG,leftover dataset/data_after/002/002_042_DSC_0493_aft.JPG,lefood-0100,within_category_cyclic,training
lefood-0100,leftover dataset/data_after/002/002_042_DSC_0493_aft.JPG,leftover dataset/data_after/002/002_043_DSC_0482_aft.JPG,lefood-0101,within_category_cyclic,training
lefood-0101,leftover dataset/data_after/002/002_043_DSC_0482_aft.JPG,leftover dataset/data_after/002/002_047_DSC_0586_aft.JPG,lefood-0102,within_category_cyclic,training
lefood-0102,leftover dataset/data_after/002/002_047_DSC_0586_aft.JPG,leftover dataset/data_after/002/002_048_DSC_0599_aft.JPG,lefood-0103,within_category_cyclic,training
lefood-0103,leftover dataset/data_after/002/002_048_DSC_0599_aft.JPG,leftover dataset/data_after/002/002_056_DSC_0696_aft.JPG,lefood-0104,within_category_cyclic,training
lefood-0104,leftover dataset/data_after/002/002_056_DSC_0696_aft.JPG,leftover dataset/data_after/002/002_057_DSC_0697_aft.JPG,lefood-0105,within_category_cyclic,training
lefood-0105,leftover dataset/data_after/002/002_057_DSC_0697_aft.JPG,leftover dataset/data_after/002/002_058_DSC_0668_aft.JPG,lefood-0106,within_category_cyclic,training
lefood-0106,leftover dataset/data_after/002/002_058_DSC_0668_aft.JPG,leftover dataset/data_after/002/002_059_DSC_0684_aft.JPG,lefood-0107,within_category_cyclic,training
lefood-0107,leftover dataset/data_after/002/002_059_DSC_0684_aft.JPG,leftover dataset/data_after/002/002_060_DSC_0674_aft.JPG,lefood-0108,within_category_cyclic,training
lefood-0108,leftover dataset/data_after/002/002_060_DSC_0674_aft.JPG,leftover dataset/data_after/002/002_061_DSC_0679_aft.JPG,lefood-0109,within_category_cyclic,training
lefood-0109,leftover dataset/data_after/002/002_061_DSC_0679_aft.JPG,leftover dataset/data_after/002/002_068_DSC_0796_aft.JPG,lefood-0110,within_category_cyclic,training
lefood-0110,leftover dataset/data_after/002/002_068_DSC_0796_aft.JPG,leftover dataset/data_after/002/002_069_DSC_0798_aft.JPG,lefood-0111,within_category_cyclic,training
lefood-0111,leftover dataset/data_after/002/002_069_DSC_0798_aft.JPG,leftover dataset/data_after/002/002_070_DSC_0767_aft.JPG,lefood-0112,within_category_cyclic,training
lefood-0112,leftover dataset/data_after/002/002_070_DSC_0767_aft.JPG,leftover dataset/data_after/002/002_071_DSC_0782_aft.JPG,lefood-0113,within_category_cyclic,training
lefood-0113,leftover dataset/data_after/002/002_071_DSC_0782_aft.JPG,leftover dataset/data_after/002/002_072_DSC_0770_aft.JPG,lefood-0114,within_category_cyclic,training
lefood-0114,leftover dataset/data_after/002/002_072_DSC_0770_aft.JPG,leftover dataset/data_after/002/002_073_DSC_0774_aft.JPG,lefood-0115,within_category_cyclic,training
lefood-0115,leftover dataset/data_after/002/002_073_DSC_0774_aft.JPG,leftover dataset/data_after/002/002_080_DSC_0903_aft.JPG,lefood-0116,within_category_cyclic,training
lefood-0116,leftover dataset/data_after/002/002_080_DSC_0903_aft.JPG,leftover dataset/data_after/002/002_081_DSC_0891_aft.JPG,lefood-0117,within_category_cyclic,training
lefood-0117,leftover dataset/data_after/002/002_081_DSC_0891_aft.JPG,leftover dataset/data_after/002/002_082_DSC_0890_aft.JPG,lefood-0118,within_category_cyclic,training
lefood-0118,leftover dataset/data_after/002/002_082_DSC_0890_aft.JPG,leftover dataset/data_after/002/002_083_DSC_0899_aft.JPG,lefood-0119,within_category_cyclic,training
lefood-0119,leftover dataset/data_after/002/002_083_DSC_0899_aft.JPG,leftover dataset/data_after/002/002_089_DSC_1004_aft.JPG,lefood-0120,within_category_cyclic,training
lefood-0120,leftover dataset/data_after/002/002_089_DSC_1004_aft.JPG,leftover dataset/data_after/002/002_090_DSC_0010_aft.JPG,lefood-0121,within_category_cyclic,training
lefood-0121,leftover dataset/data_after/002/002_090_DSC_0010_aft.JPG,leftover dataset/data_after/002/002_091_DSC_0004_aft.JPG,lefood-0122,within_category_cyclic,training
lefood-0122,leftover dataset/data_after/002/002_091_DSC_0004_aft.JPG,leftover dataset/data_after/002/002_092_DSC_0995_aft.JPG,lefood-0123,within_category_cyclic,training
lefood-0123,leftover dataset/data_after/002/002_092_DSC_0995_aft.JPG,leftover dataset/data_after/002/002_093_DSC_1005_aft.JPG,lefood-0124,within_category_cyclic,training
lefood-0124,leftover dataset/data_after/002/002_093_DSC_1005_aft.JPG,leftover dataset/data_after/002/002_094_DSC_1011_aft.JPG,lefood-0125,within_category_cyclic,training
lefood-0125,leftover dataset/data_after/002/002_094_DSC_1011_aft.JPG,leftover dataset/data_after/002/002_099_DSC_0078_aft.JPG,lefood-0126,within_category_cyclic,training
lefood-0126,leftover dataset/data_after/002/002_099_DSC_0078_aft.JPG,leftover dataset/data_after/002/002_100_DSC_0098_aft.JPG,lefood-0127,within_category_cyclic,training
lefood-0127,leftover dataset/data_after/002/002_100_DSC_0098_aft.JPG,leftover dataset/data_after/002/002_101_DSC_0102_aft.JPG,lefood-0128,within_category_cyclic,training
lefood-0128,leftover dataset/data_after/002/002_101_DSC_0102_aft.JPG,leftover dataset/data_after/002/002_103_DSC_0114_aft.JPG,lefood-0130,within_category_cyclic,training
lefood-0130,leftover dataset/data_after/002/002_103_DSC_0114_aft.JPG,leftover dataset/data_after/002/002_104_DSC_0111_aft.JPG,lefood-0131,within_category_cyclic,training
lefood-0131,leftover dataset/data_after/002/002_104_DSC_0111_aft.JPG,leftover dataset/data_after/002/002_111_DSC_0204_aft.JPG,lefood-0132,within_category_cyclic,training
lefood-0132,leftover dataset/data_after/002/002_111_DSC_0204_aft.JPG,leftover dataset/data_after/002/002_112_DSC_0212_aft.JPG,lefood-0133,within_category_cyclic,training
lefood-0133,leftover dataset/data_after/002/002_112_DSC_0212_aft.JPG,leftover dataset/data_after/002/002_113_DSC_0200_aft.JPG,lefood-0134,within_category_cyclic,training
lefood-0134,leftover dataset/data_after/002/002_113_DSC_0200_aft.JPG,leftover dataset/data_after/002/002_114_DSC_0208_aft.JPG,lefood-0135,within_category_cyclic,training
lefood-0135,leftover dataset/data_after/002/002_114_DSC_0208_aft.JPG,leftover dataset/data_after/002/002_115_DSC_0195_aft.JPG,lefood-0136,within_category_cyclic,training
lefood-0136,leftover dataset/data_after/002/002_115_DSC_0195_aft.JPG,leftover dataset/data_after/002/002_120_DSC_0276_aft.JPG,lefood-0137,within_category_cyclic,training
lefood-0137,leftover dataset/data_after/002/002_120_DSC_0276_aft.JPG,leftover dataset/data_after/002/002_121_DSC_0290_aft.JPG,lefood-0138,within_category_cyclic,training
lefood-0138,leftover dataset/data_after/002/002_121_DSC_0290_aft.JPG,leftover dataset/data_after/002/002_122_DSC_0296_aft.JPG,lefood-0139,within_category_cyclic,training
lefood-0139,leftover dataset/data_after/002/002_122_DSC_0296_aft.JPG,leftover dataset/data_after/002/002_123_DSC_0285_aft.JPG,lefood-0140,within_category_cyclic,training
lefood-0140,leftover dataset/data_after/002/002_123_DSC_0285_aft.JPG,leftover dataset/data_after/002/002_130_DSC_0362_aft.JPG,lefood-0142,within_category_cyclic,training
lefood-0142,leftover dataset/data_after/002/002_130_DSC_0362_aft.JPG,leftover dataset/data_after/002/002_131_DSC_0397_aft.JPG,lefood-0143,within_category_cyclic,training
lefood-0143,leftover dataset/data_after/002/002_131_DSC_0397_aft.JPG,leftover dataset/data_after/002/002_132_DSC_0361_aft.JPG,lefood-0144,within_category_cyclic,training
lefood-0144,leftover dataset/data_after/002/002_132_DSC_0361_aft.JPG,leftover dataset/data_after/002/002_133_DSC_0383_aft.JPG,lefood-0145,within_category_cyclic,training
lefood-0145,leftover dataset/data_after/002/002_133_DSC_0383_aft.JPG,leftover dataset/data_after/002/002_138_DSC_0490_aft.JPG,lefood-0146,within_category_cyclic,training
lefood-0146,leftover dataset/data_after/002/002_138_DSC_0490_aft.JPG,leftover dataset/data_after/002/002_139_DSC_0491_aft.JPG,lefood-0147,within_category_cyclic,training
lefood-0147,leftover dataset/data_after/002/002_139_DSC_0491_aft.JPG,leftover dataset/data_after/002/002_140_DSC_0469_aft.JPG,lefood-0148,within_category_cyclic,training
lefood-0148,leftover dataset/data_after/002/002_140_DSC_0469_aft.JPG,leftover dataset/data_after/002/002_141_DSC_0467_aft.JPG,lefood-0149,within_category_cyclic,training
lefood-0149,leftover dataset/data_after/002/002_141_DSC_0467_aft.JPG,leftover dataset/data_after/002/002_142_DSC_0472_aft.JPG,lefood-0150,within_category_cyclic,training
lefood-0150,leftover dataset/data_after/002/002_142_DSC_0472_aft.JPG,leftover dataset/data_after/002/002_143_DSC_0458_aft.JPG,lefood-0151,within_category_cyclic,training
lefood-0151,leftover dataset/data_after/002/002_143_DSC_0458_aft.JPG,leftover dataset/data_after/002/002_149_DSC_0567_aft.JPG,lefood-0152,within_category_cyclic,training
lefood-0152,leftover dataset/data_after/002/002_149_DSC_0567_aft.JPG,leftover dataset/data_after/002/002_150_DSC_0561_aft.JPG,lefood-0153,within_category_cyclic,training
lefood-0153,leftover dataset/data_after/002/002_150_DSC_0561_aft.JPG,leftover dataset/data_after/002/002_151_DSC_0556_aft.JPG,lefood-0154,within_category_cyclic,training
lefood-0154,leftover dataset/data_after/002/002_151_DSC_0556_aft.JPG,leftover dataset/data_after/002/002_152_DSC_0576_aft.JPG,lefood-0155,within_category_cyclic,training
lefood-0155,leftover dataset/data_after/002/002_152_DSC_0576_aft.JPG,leftover dataset/data_after/002/002_153_DSC_0571_aft.JPG,lefood-0156,within_category_cyclic,training
lefood-0156,leftover dataset/data_after/002/002_153_DSC_0571_aft.JPG,leftover dataset/data_after/002/002_154_DSC_0602_aft.JPG,lefood-0157,within_category_cyclic,training
lefood-0157,leftover dataset/data_after/002/002_154_DSC_0602_aft.JPG,leftover dataset/data_after/002/002_157_DSC_0632_aft.JPG,lefood-0158,within_category_cyclic,training
lefood-0158,leftover dataset/data_after/002/002_157_DSC_0632_aft.JPG,leftover dataset/data_after/002/002_004_DSC_0085_aft.JPG,lefood-0081,within_category_cyclic,training
lefood-0160,leftover dataset/data_after/004/004_159_DSC_0107_aft.JPG,leftover dataset/data_after/004/004_160_DSC_0094_aft.JPG,lefood-0161,within_category_cyclic,training
lefood-0161,leftover dataset/data_after/004/004_160_DSC_0094_aft.JPG,leftover dataset/data_after/004/004_161_DSC_0100_aft.JPG,lefood-0162,within_category_cyclic,training
lefood-0162,leftover dataset/data_after/004/004_161_DSC_0100_aft.JPG,leftover dataset/data_after/004/004_162_DSC_0084_aft.JPG,lefood-0163,within_category_cyclic,training
lefood-0163,leftover dataset/data_after/004/004_162_DSC_0084_aft.JPG,leftover dataset/data_after/004/004_163_DSC_0081_aft.JPG,lefood-0164,within_category_cyclic,training
lefood-0164,leftover dataset/data_after/004/004_163_DSC_0081_aft.JPG,leftover dataset/data_after/004/004_165_DSC_0075_aft.JPG,lefood-0166,within_category_cyclic,training
lefood-0166,leftover dataset/data_after/004/004_165_DSC_0075_aft.JPG,leftover dataset/data_after/004/004_166_DSC_0103_aft.JPG,lefood-0167,within_category_cyclic,training
lefood-0167,leftover dataset/data_after/004/004_166_DSC_0103_aft.JPG,leftover dataset/data_after/004/004_244_DSC_0974_aft.JPG,lefood-0168,within_category_cyclic,training
lefood-0168,leftover dataset/data_after/004/004_244_DSC_0974_aft.JPG,leftover dataset/data_after/004/004_245_DSC_0978_aft.JPG,lefood-0169,within_category_cyclic,training
lefood-0169,leftover dataset/data_after/004/004_245_DSC_0978_aft.JPG,leftover dataset/data_after/004/004_246_DSC_0982_aft.JPG,lefood-0170,within_category_cyclic,training
lefood-0170,leftover dataset/data_after/004/004_246_DSC_0982_aft.JPG,leftover dataset/data_after/004/004_247_DSC_0987_aft.JPG,lefood-0171,within_category_cyclic,training
lefood-0171,leftover dataset/data_after/004/004_247_DSC_0987_aft.JPG,leftover dataset/data_after/004/004_248_DSC_0990_aft.JPG,lefood-0172,within_category_cyclic,training
lefood-0172,leftover dataset/data_after/004/004_248_DSC_0990_aft.JPG,leftover dataset/data_after/004/004_249_DSC_1003_aft.JPG,lefood-0173,within_category_cyclic,training
lefood-0173,leftover dataset/data_after/004/004_249_DSC_1003_aft.JPG,leftover dataset/data_after/004/004_250_DSC_0012_aft.JPG,lefood-0174,within_category_cyclic,training
lefood-0174,leftover dataset/data_after/004/004_250_DSC_0012_aft.JPG,leftover dataset/data_after/004/004_251_DSC_0009_aft.JPG,lefood-0175,within_category_cyclic,training
lefood-0175,leftover dataset/data_after/004/004_251_DSC_0009_aft.JPG,leftover dataset/data_after/004/004_253_DSC_1010_aft.JPG,lefood-0177,within_category_cyclic,training
lefood-0177,leftover dataset/data_after/004/004_253_DSC_1010_aft.JPG,leftover dataset/data_after/004/004_254_DSC_1013_aft.JPG,lefood-0178,within_category_cyclic,training
lefood-0178,leftover dataset/data_after/004/004_254_DSC_1013_aft.JPG,leftover dataset/data_after/000/000_000_DSC_0032_aft.JPG,lefood-0001,same_fold_singleton_swap_donor_preimage,training
lefood-0179,leftover dataset/data_after/005/005_167_DSC_0167_aft.JPG,leftover dataset/data_after/005/005_168_DSC_0170_aft.JPG,lefood-0180,within_category_cyclic,training
lefood-0180,leftover dataset/data_after/005/005_168_DSC_0170_aft.JPG,leftover dataset/data_after/005/005_167_DSC_0167_aft.JPG,lefood-0179,within_category_cyclic,training
lefood-0183,leftover dataset/data_after/007/007_170_DSC_0259_aft.JPG,leftover dataset/data_after/007/007_171_DSC_0227_aft.JPG,lefood-0184,within_category_cyclic,training
lefood-0184,leftover dataset/data_after/007/007_171_DSC_0227_aft.JPG,leftover dataset/data_after/007/007_172_DSC_0235_aft.JPG,lefood-0185,within_category_cyclic,training
lefood-0185,leftover dataset/data_after/007/007_172_DSC_0235_aft.JPG,leftover dataset/data_after/007/007_174_DSC_0257_aft.JPG,lefood-0187,within_category_cyclic,training
lefood-0187,leftover dataset/data_after/007/007_174_DSC_0257_aft.JPG,leftover dataset/data_after/007/007_175_DSC_0226_aft.JPG,lefood-0188,within_category_cyclic,training
lefood-0188,leftover dataset/data_after/007/007_175_DSC_0226_aft.JPG,leftover dataset/data_after/007/007_176_DSC_0233_aft.JPG,lefood-0189,within_category_cyclic,training
lefood-0189,leftover dataset/data_after/007/007_176_DSC_0233_aft.JPG,leftover dataset/data_after/007/007_177_DSC_0246_aft.JPG,lefood-0190,within_category_cyclic,training
lefood-0190,leftover dataset/data_after/007/007_177_DSC_0246_aft.JPG,leftover dataset/data_after/007/007_178_DSC_0251_aft.JPG,lefood-0191,within_category_cyclic,training
lefood-0191,leftover dataset/data_after/007/007_178_DSC_0251_aft.JPG,leftover dataset/data_after/007/007_265_DSC_0177_aft.JPG,lefood-0192,within_category_cyclic,training
lefood-0192,leftover dataset/data_after/007/007_265_DSC_0177_aft.JPG,leftover dataset/data_after/007/007_267_DSC_0187_aft.JPG,lefood-0194,within_category_cyclic,training
lefood-0194,leftover dataset/data_after/007/007_267_DSC_0187_aft.JPG,leftover dataset/data_after/007/007_268_DSC_0190_aft.JPG,lefood-0195,within_category_cyclic,training
lefood-0195,leftover dataset/data_after/007/007_268_DSC_0190_aft.JPG,leftover dataset/data_after/007/007_269_DSC_0172_aft.JPG,lefood-0196,within_category_cyclic,training
lefood-0196,leftover dataset/data_after/007/007_269_DSC_0172_aft.JPG,leftover dataset/data_after/007/007_270_DSC_0178_aft.JPG,lefood-0197,within_category_cyclic,training
lefood-0197,leftover dataset/data_after/007/007_270_DSC_0178_aft.JPG,leftover dataset/data_after/007/007_271_DSC_0205_aft.JPG,lefood-0198,within_category_cyclic,training
lefood-0198,leftover dataset/data_after/007/007_271_DSC_0205_aft.JPG,leftover dataset/data_after/007/007_273_DSC_0201_aft.JPG,lefood-0200,within_category_cyclic,training
lefood-0200,leftover dataset/data_after/007/007_273_DSC_0201_aft.JPG,leftover dataset/data_after/007/007_274_DSC_0209_aft.JPG,lefood-0201,within_category_cyclic,training
lefood-0201,leftover dataset/data_after/007/007_274_DSC_0209_aft.JPG,leftover dataset/data_after/007/007_275_DSC_0197_aft.JPG,lefood-0202,within_category_cyclic,training
lefood-0202,leftover dataset/data_after/007/007_275_DSC_0197_aft.JPG,leftover dataset/data_after/007/007_170_DSC_0259_aft.JPG,lefood-0183,within_category_cyclic,training
lefood-0203,leftover dataset/data_after/008/008_179_DSC_0329_aft.JPG,leftover dataset/data_after/008/008_180_DSC_0323_aft.JPG,lefood-0204,within_category_cyclic,training
lefood-0204,leftover dataset/data_after/008/008_180_DSC_0323_aft.JPG,leftover dataset/data_after/008/008_182_DSC_0304_aft.JPG,lefood-0205,within_category_cyclic,training
lefood-0205,leftover dataset/data_after/008/008_182_DSC_0304_aft.JPG,leftover dataset/data_after/008/008_183_DSC_0302_aft.JPG,lefood-0206,within_category_cyclic,training
lefood-0206,leftover dataset/data_after/008/008_183_DSC_0302_aft.JPG,leftover dataset/data_after/008/008_179_DSC_0329_aft.JPG,lefood-0203,within_category_cyclic,training
lefood-0207,leftover dataset/data_after/009/009_181_DSC_0340_aft.JPG,leftover dataset/data_after/009/009_184_DSC_0318_aft.JPG,lefood-0208,within_category_cyclic,training
lefood-0208,leftover dataset/data_after/009/009_184_DSC_0318_aft.JPG,leftover dataset/data_after/009/009_234_DSC_0881_aft.JPG,lefood-0209,within_category_cyclic,training
lefood-0209,leftover dataset/data_after/009/009_234_DSC_0881_aft.JPG,leftover dataset/data_after/009/009_235_DSC_0911_aft.JPG,lefood-0210,within_category_cyclic,training
lefood-0210,leftover dataset/data_after/009/009_235_DSC_0911_aft.JPG,leftover dataset/data_after/009/009_236_DSC_0914_aft.JPG,lefood-0211,within_category_cyclic,training
lefood-0211,leftover dataset/data_after/009/009_236_DSC_0914_aft.JPG,leftover dataset/data_after/009/009_237_DSC_0876_aft.JPG,lefood-0212,within_category_cyclic,training
lefood-0212,leftover dataset/data_after/009/009_237_DSC_0876_aft.JPG,leftover dataset/data_after/009/009_238_DSC_0871_aft.JPG,lefood-0213,within_category_cyclic,training
lefood-0213,leftover dataset/data_after/009/009_238_DSC_0871_aft.JPG,leftover dataset/data_after/009/009_239_DSC_0868_aft.JPG,lefood-0214,within_category_cyclic,training
lefood-0214,leftover dataset/data_after/009/009_239_DSC_0868_aft.JPG,leftover dataset/data_after/009/009_240_DSC_0904_aft.JPG,lefood-0215,within_category_cyclic,training
lefood-0215,leftover dataset/data_after/009/009_240_DSC_0904_aft.JPG,leftover dataset/data_after/009/009_241_DSC_0886_aft.JPG,lefood-0216,within_category_cyclic,training
lefood-0216,leftover dataset/data_after/009/009_241_DSC_0886_aft.JPG,leftover dataset/data_after/009/009_242_DSC_0893_aft.JPG,lefood-0217,within_category_cyclic,training
lefood-0217,leftover dataset/data_after/009/009_242_DSC_0893_aft.JPG,leftover dataset/data_after/009/009_243_DSC_0895_aft.JPG,lefood-0218,within_category_cyclic,training
lefood-0218,leftover dataset/data_after/009/009_243_DSC_0895_aft.JPG,leftover dataset/data_after/009/009_276_DSC_0275_aft.JPG,lefood-0219,within_category_cyclic,training
lefood-0219,leftover dataset/data_after/009/009_276_DSC_0275_aft.JPG,leftover dataset/data_after/009/009_277_DSC_0303_aft.JPG,lefood-0220,within_category_cyclic,training
lefood-0220,leftover dataset/data_after/009/009_277_DSC_0303_aft.JPG,leftover dataset/data_after/009/009_278_DSC_0307_aft.JPG,lefood-0221,within_category_cyclic,training
lefood-0221,leftover dataset/data_after/009/009_278_DSC_0307_aft.JPG,leftover dataset/data_after/009/009_279_DSC_0269_aft.JPG,lefood-0222,within_category_cyclic,training
lefood-0222,leftover dataset/data_after/009/009_279_DSC_0269_aft.JPG,leftover dataset/data_after/009/009_280_DSC_0278_aft.JPG,lefood-0223,within_category_cyclic,training
lefood-0223,leftover dataset/data_after/009/009_280_DSC_0278_aft.JPG,leftover dataset/data_after/009/009_281_DSC_0291_aft.JPG,lefood-0224,within_category_cyclic,training
lefood-0224,leftover dataset/data_after/009/009_281_DSC_0291_aft.JPG,leftover dataset/data_after/009/009_282_DSC_0297_aft.JPG,lefood-0225,within_category_cyclic,training
lefood-0225,leftover dataset/data_after/009/009_282_DSC_0297_aft.JPG,leftover dataset/data_after/009/009_283_DSC_0283_aft.JPG,lefood-0226,within_category_cyclic,training
lefood-0226,leftover dataset/data_after/009/009_283_DSC_0283_aft.JPG,leftover dataset/data_after/009/009_284_DSC_0265_aft.JPG,lefood-0227,within_category_cyclic,training
lefood-0227,leftover dataset/data_after/009/009_284_DSC_0265_aft.JPG,leftover dataset/data_after/025/025_392_DSC_0261_aft.JPG,lefood-0434,same_fold_singleton_swap_donor_preimage,training
lefood-0228,leftover dataset/data_after/010/010_185_DSC_0423_aft.JPG,leftover dataset/data_after/010/010_186_DSC_0414_aft.JPG,lefood-0229,within_category_cyclic,training
lefood-0229,leftover dataset/data_after/010/010_186_DSC_0414_aft.JPG,leftover dataset/data_after/010/010_187_DSC_0388_aft.JPG,lefood-0230,within_category_cyclic,training
lefood-0230,leftover dataset/data_after/010/010_187_DSC_0388_aft.JPG,leftover dataset/data_after/010/010_188_DSC_0417_aft.JPG,lefood-0231,within_category_cyclic,training
lefood-0231,leftover dataset/data_after/010/010_188_DSC_0417_aft.JPG,leftover dataset/data_after/010/010_189_DSC_0394_aft.JPG,lefood-0232,within_category_cyclic,training
lefood-0232,leftover dataset/data_after/010/010_189_DSC_0394_aft.JPG,leftover dataset/data_after/010/010_190_DSC_0408_aft.JPG,lefood-0233,within_category_cyclic,training
lefood-0233,leftover dataset/data_after/010/010_190_DSC_0408_aft.JPG,leftover dataset/data_after/010/010_191_DSC_0404_aft.JPG,lefood-0234,within_category_cyclic,training
lefood-0234,leftover dataset/data_after/010/010_191_DSC_0404_aft.JPG,leftover dataset/data_after/010/010_192_DSC_0397_aft.JPG,lefood-0235,within_category_cyclic,training
lefood-0235,leftover dataset/data_after/010/010_192_DSC_0397_aft.JPG,leftover dataset/data_after/010/010_193_DSC_0385_aft.JPG,lefood-0236,within_category_cyclic,training
lefood-0236,leftover dataset/data_after/010/010_193_DSC_0385_aft.JPG,leftover dataset/data_after/010/010_185_DSC_0423_aft.JPG,lefood-0228,within_category_cyclic,training
lefood-0237,leftover dataset/data_after/011/011_194_DSC_0511_aft.JPG,leftover dataset/data_after/011/011_195_DSC_0506_aft.JPG,lefood-0238,within_category_cyclic,training
lefood-0238,leftover dataset/data_after/011/011_195_DSC_0506_aft.JPG,leftover dataset/data_after/011/011_196_DSC_0475_aft.JPG,lefood-0239,within_category_cyclic,training
lefood-0239,leftover dataset/data_after/011/011_196_DSC_0475_aft.JPG,leftover dataset/data_after/011/011_197_DSC_0480_aft.JPG,lefood-0240,within_category_cyclic,training
lefood-0240,leftover dataset/data_after/011/011_197_DSC_0480_aft.JPG,leftover dataset/data_after/011/011_198_DSC_0473_aft.JPG,lefood-0241,within_category_cyclic,training
lefood-0241,leftover dataset/data_after/011/011_198_DSC_0473_aft.JPG,leftover dataset/data_after/011/011_199_DSC_0497_aft.JPG,lefood-0242,within_category_cyclic,training
lefood-0242,leftover dataset/data_after/011/011_199_DSC_0497_aft.JPG,leftover dataset/data_after/011/011_200_DSC_0500_aft.JPG,lefood-0243,within_category_cyclic,training
lefood-0243,leftover dataset/data_after/011/011_200_DSC_0500_aft.JPG,leftover dataset/data_after/011/011_201_DSC_0487_aft.JPG,lefood-0244,within_category_cyclic,training
lefood-0244,leftover dataset/data_after/011/011_201_DSC_0487_aft.JPG,leftover dataset/data_after/011/011_202_DSC_0490_aft.JPG,lefood-0245,within_category_cyclic,training
lefood-0245,leftover dataset/data_after/011/011_202_DSC_0490_aft.JPG,leftover dataset/data_after/011/011_285_DSC_0394_aft.JPG,lefood-0246,within_category_cyclic,training
lefood-0246,leftover dataset/data_after/011/011_285_DSC_0394_aft.JPG,leftover dataset/data_after/011/011_286_DSC_0388_aft.JPG,lefood-0247,within_category_cyclic,training
lefood-0247,leftover dataset/data_after/011/011_286_DSC_0388_aft.JPG,leftover dataset/data_after/011/011_287_DSC_0392_aft.JPG,lefood-0248,within_category_cyclic,training
lefood-0248,leftover dataset/data_after/011/011_287_DSC_0392_aft.JPG,leftover dataset/data_after/011/011_288_DSC_0370_aft.JPG,lefood-0249,within_category_cyclic,training
lefood-0249,leftover dataset/data_after/011/011_288_DSC_0370_aft.JPG,leftover dataset/data_after/011/011_289_DSC_0374_aft.JPG,lefood-0250,within_category_cyclic,training
lefood-0250,leftover dataset/data_after/011/011_289_DSC_0374_aft.JPG,leftover dataset/data_after/011/011_290_DSC_0360_aft.JPG,lefood-0251,within_category_cyclic,training
lefood-0251,leftover dataset/data_after/011/011_290_DSC_0360_aft.JPG,leftover dataset/data_after/011/011_291_DSC_0399_aft.JPG,lefood-0252,within_category_cyclic,training
lefood-0252,leftover dataset/data_after/011/011_291_DSC_0399_aft.JPG,leftover dataset/data_after/011/011_292_DSC_0363_aft.JPG,lefood-0253,within_category_cyclic,training
lefood-0253,leftover dataset/data_after/011/011_292_DSC_0363_aft.JPG,leftover dataset/data_after/011/011_293_DSC_0379_aft.JPG,lefood-0254,within_category_cyclic,training
lefood-0254,leftover dataset/data_after/011/011_293_DSC_0379_aft.JPG,leftover dataset/data_after/011/011_194_DSC_0511_aft.JPG,lefood-0237,within_category_cyclic,training
lefood-0255,leftover dataset/data_after/012/012_204_DSC_0582_aft.JPG,leftover dataset/data_after/012/012_205_DSC_0575_aft.JPG,lefood-0256,within_category_cyclic,training
lefood-0256,leftover dataset/data_after/012/012_205_DSC_0575_aft.JPG,leftover dataset/data_after/012/012_207_DSC_0587_aft.JPG,lefood-0258,within_category_cyclic,training
lefood-0258,leftover dataset/data_after/012/012_207_DSC_0587_aft.JPG,leftover dataset/data_after/012/012_208_DSC_0594_aft.JPG,lefood-0259,within_category_cyclic,training
lefood-0259,leftover dataset/data_after/012/012_208_DSC_0594_aft.JPG,leftover dataset/data_after/012/012_209_DSC_0530_aft.JPG,lefood-0260,within_category_cyclic,training
lefood-0260,leftover dataset/data_after/012/012_209_DSC_0530_aft.JPG,leftover dataset/data_after/012/012_210_DSC_0534_aft.JPG,lefood-0261,within_category_cyclic,training
lefood-0261,leftover dataset/data_after/012/012_210_DSC_0534_aft.JPG,leftover dataset/data_after/012/012_294_DSC_0485_aft.JPG,lefood-0262,within_category_cyclic,training
lefood-0262,leftover dataset/data_after/012/012_294_DSC_0485_aft.JPG,leftover dataset/data_after/012/012_295_DSC_0483_aft.JPG,lefood-0263,within_category_cyclic,training
lefood-0263,leftover dataset/data_after/012/012_295_DSC_0483_aft.JPG,leftover dataset/data_after/012/012_296_DSC_0480_aft.JPG,lefood-0264,within_category_cyclic,training
lefood-0264,leftover dataset/data_after/012/012_296_DSC_0480_aft.JPG,leftover dataset/data_after/012/012_297_DSC_0457_aft.JPG,lefood-0265,within_category_cyclic,training
lefood-0265,leftover dataset/data_after/012/012_297_DSC_0457_aft.JPG,leftover dataset/data_after/012/012_298_DSC_0492_aft.JPG,lefood-0266,within_category_cyclic,training
lefood-0266,leftover dataset/data_after/012/012_298_DSC_0492_aft.JPG,leftover dataset/data_after/012/012_299_DSC_0498_aft.JPG,lefood-0267,within_category_cyclic,training
lefood-0267,leftover dataset/data_after/012/012_299_DSC_0498_aft.JPG,leftover dataset/data_after/012/012_300_DSC_0470_aft.JPG,lefood-0268,within_category_cyclic,training
lefood-0268,leftover dataset/data_after/012/012_300_DSC_0470_aft.JPG,leftover dataset/data_after/012/012_301_DSC_0464_aft.JPG,lefood-0269,within_category_cyclic,training
lefood-0269,leftover dataset/data_after/012/012_301_DSC_0464_aft.JPG,leftover dataset/data_after/012/012_302_DSC_0474_aft.JPG,lefood-0270,within_category_cyclic,training
lefood-0270,leftover dataset/data_after/012/012_302_DSC_0474_aft.JPG,leftover dataset/data_after/012/012_303_DSC_0460_aft.JPG,lefood-0271,within_category_cyclic,training
lefood-0271,leftover dataset/data_after/012/012_303_DSC_0460_aft.JPG,leftover dataset/data_after/012/012_204_DSC_0582_aft.JPG,lefood-0255,within_category_cyclic,training
lefood-0295,leftover dataset/data_after/014/014_223_DSC_0810_aft.JPG,leftover dataset/data_after/014/014_224_DSC_0788_aft.JPG,lefood-0296,within_category_cyclic,training
lefood-0296,leftover dataset/data_after/014/014_224_DSC_0788_aft.JPG,leftover dataset/data_after/014/014_225_DSC_0786_aft.JPG,lefood-0297,within_category_cyclic,training
lefood-0297,leftover dataset/data_after/014/014_225_DSC_0786_aft.JPG,leftover dataset/data_after/014/014_226_DSC_0760_aft.JPG,lefood-0298,within_category_cyclic,training
lefood-0298,leftover dataset/data_after/014/014_226_DSC_0760_aft.JPG,leftover dataset/data_after/014/014_227_DSC_0763_aft.JPG,lefood-0299,within_category_cyclic,training
lefood-0299,leftover dataset/data_after/014/014_227_DSC_0763_aft.JPG,leftover dataset/data_after/014/014_228_DSC_0795_aft.JPG,lefood-0300,within_category_cyclic,training
lefood-0300,leftover dataset/data_after/014/014_228_DSC_0795_aft.JPG,leftover dataset/data_after/014/014_229_DSC_0799_aft.JPG,lefood-0301,within_category_cyclic,training
lefood-0301,leftover dataset/data_after/014/014_229_DSC_0799_aft.JPG,leftover dataset/data_after/014/014_230_DSC_0768_aft.JPG,lefood-0302,within_category_cyclic,training
lefood-0302,leftover dataset/data_after/014/014_230_DSC_0768_aft.JPG,leftover dataset/data_after/014/014_231_DSC_0781_aft.JPG,lefood-0303,within_category_cyclic,training
lefood-0303,leftover dataset/data_after/014/014_231_DSC_0781_aft.JPG,leftover dataset/data_after/014/014_232_DSC_0771_aft.JPG,lefood-0304,within_category_cyclic,training
lefood-0304,leftover dataset/data_after/014/014_232_DSC_0771_aft.JPG,leftover dataset/data_after/014/014_233_DSC_0775_aft.JPG,lefood-0305,within_category_cyclic,training
lefood-0305,leftover dataset/data_after/014/014_233_DSC_0775_aft.JPG,leftover dataset/data_after/014/014_315_DSC_0638_aft.JPG,lefood-0306,within_category_cyclic,training
lefood-0306,leftover dataset/data_after/014/014_315_DSC_0638_aft.JPG,leftover dataset/data_after/014/014_316_DSC_0641_aft.JPG,lefood-0307,within_category_cyclic,training
lefood-0307,leftover dataset/data_after/014/014_316_DSC_0641_aft.JPG,leftover dataset/data_after/014/014_317_DSC_0635_aft.JPG,lefood-0308,within_category_cyclic,training
lefood-0308,leftover dataset/data_after/014/014_317_DSC_0635_aft.JPG,leftover dataset/data_after/014/014_223_DSC_0810_aft.JPG,lefood-0295,within_category_cyclic,training
lefood-0331,leftover dataset/data_after/016/016_320_DSC_0256_aft.JPG,leftover dataset/data_after/016/016_321_DSC_0247_aft.JPG,lefood-0332,within_category_cyclic,training
lefood-0332,leftover dataset/data_after/016/016_321_DSC_0247_aft.JPG,leftover dataset/data_after/016/016_322_DSC_0252_aft.JPG,lefood-0333,within_category_cyclic,training
lefood-0333,leftover dataset/data_after/016/016_322_DSC_0252_aft.JPG,leftover dataset/data_after/016/016_360_DSC_0196_aft.JPG,lefood-0334,within_category_cyclic,training
lefood-0334,leftover dataset/data_after/016/016_360_DSC_0196_aft.JPG,leftover dataset/data_after/016/016_379_DSC_0634_aft.JPG,lefood-0335,within_category_cyclic,training
lefood-0335,leftover dataset/data_after/016/016_379_DSC_0634_aft.JPG,leftover dataset/data_after/016/016_320_DSC_0256_aft.JPG,lefood-0331,within_category_cyclic,training
lefood-0341,leftover dataset/data_after/018/018_328_DSC_0513_aft.JPG,leftover dataset/data_after/018/018_329_DSC_0507_aft.JPG,lefood-0342,within_category_cyclic,training
lefood-0342,leftover dataset/data_after/018/018_329_DSC_0507_aft.JPG,leftover dataset/data_after/018/018_330_DSC_0498_aft.JPG,lefood-0343,within_category_cyclic,training
lefood-0343,leftover dataset/data_after/018/018_330_DSC_0498_aft.JPG,leftover dataset/data_after/018/018_331_DSC_0501_aft.JPG,lefood-0344,within_category_cyclic,training
lefood-0344,leftover dataset/data_after/018/018_331_DSC_0501_aft.JPG,leftover dataset/data_after/018/018_328_DSC_0513_aft.JPG,lefood-0341,within_category_cyclic,training
lefood-0345,leftover dataset/data_after/019/019_332_DSC_0584_aft.JPG,leftover dataset/data_after/019/019_333_DSC_0576_aft.JPG,lefood-0346,within_category_cyclic,training
lefood-0346,leftover dataset/data_after/019/019_333_DSC_0576_aft.JPG,leftover dataset/data_after/019/019_335_DSC_0597_aft.JPG,lefood-0348,within_category_cyclic,training
lefood-0348,leftover dataset/data_after/019/019_335_DSC_0597_aft.JPG,leftover dataset/data_after/019/019_345_DSC_0883_aft.JPG,lefood-0349,within_category_cyclic,training
lefood-0349,leftover dataset/data_after/019/019_345_DSC_0883_aft.JPG,leftover dataset/data_after/019/019_346_DSC_0905_aft.JPG,lefood-0350,within_category_cyclic,training
lefood-0350,leftover dataset/data_after/019/019_346_DSC_0905_aft.JPG,leftover dataset/data_after/019/019_347_DSC_0887_aft.JPG,lefood-0351,within_category_cyclic,training
lefood-0351,leftover dataset/data_after/019/019_347_DSC_0887_aft.JPG,leftover dataset/data_after/019/019_349_DSC_0894_aft.JPG,lefood-0353,within_category_cyclic,training
lefood-0353,leftover dataset/data_after/019/019_349_DSC_0894_aft.JPG,leftover dataset/data_after/019/019_355_DSC_0099_aft.JPG,lefood-0354,within_category_cyclic,training
lefood-0354,leftover dataset/data_after/019/019_355_DSC_0099_aft.JPG,leftover dataset/data_after/019/019_356_DSC_0103_aft.JPG,lefood-0355,within_category_cyclic,training
lefood-0355,leftover dataset/data_after/019/019_356_DSC_0103_aft.JPG,leftover dataset/data_after/019/019_357_DSC_0123_aft.JPG,lefood-0356,within_category_cyclic,training
lefood-0356,leftover dataset/data_after/019/019_357_DSC_0123_aft.JPG,leftover dataset/data_after/019/019_359_DSC_0109_aft.JPG,lefood-0358,within_category_cyclic,training
lefood-0358,leftover dataset/data_after/019/019_359_DSC_0109_aft.JPG,leftover dataset/data_after/019/019_369_DSC_0494_aft.JPG,lefood-0359,within_category_cyclic,training
lefood-0359,leftover dataset/data_after/019/019_369_DSC_0494_aft.JPG,leftover dataset/data_after/019/019_370_DSC_0499_aft.JPG,lefood-0360,within_category_cyclic,training
lefood-0360,leftover dataset/data_after/019/019_370_DSC_0499_aft.JPG,leftover dataset/data_after/019/019_371_DSC_0461_aft.JPG,lefood-0361,within_category_cyclic,training
lefood-0361,leftover dataset/data_after/019/019_371_DSC_0461_aft.JPG,leftover dataset/data_after/019/019_332_DSC_0584_aft.JPG,lefood-0345,within_category_cyclic,training
lefood-0362,leftover dataset/data_after/020/020_339_DSC_0804_aft.JPG,leftover dataset/data_after/020/020_340_DSC_0809_aft.JPG,lefood-0363,within_category_cyclic,training
lefood-0363,leftover dataset/data_after/020/020_340_DSC_0809_aft.JPG,leftover dataset/data_after/020/020_341_DSC_0785_aft.JPG,lefood-0364,within_category_cyclic,training
lefood-0364,leftover dataset/data_after/020/020_341_DSC_0785_aft.JPG,leftover dataset/data_after/020/020_342_DSC_0794_aft.JPG,lefood-0365,within_category_cyclic,training
lefood-0365,leftover dataset/data_after/020/020_342_DSC_0794_aft.JPG,leftover dataset/data_after/020/020_343_DSC_0800_aft.JPG,lefood-0366,within_category_cyclic,training
lefood-0366,leftover dataset/data_after/020/020_343_DSC_0800_aft.JPG,leftover dataset/data_after/020/020_344_DSC_0780_aft.JPG,lefood-0367,within_category_cyclic,training
lefood-0367,leftover dataset/data_after/020/020_344_DSC_0780_aft.JPG,leftover dataset/data_after/020/020_339_DSC_0804_aft.JPG,lefood-0362,within_category_cyclic,training
lefood-0381,leftover dataset/data_after/022/022_380_DSC_0031_aft.JPG,leftover dataset/data_after/022/022_456_DSC_0882_aft.JPG,lefood-0382,within_category_cyclic,training
lefood-0382,leftover dataset/data_after/022/022_456_DSC_0882_aft.JPG,leftover dataset/data_after/022/022_457_DSC_0912_aft.JPG,lefood-0383,within_category_cyclic,training
lefood-0383,leftover dataset/data_after/022/022_457_DSC_0912_aft.JPG,leftover dataset/data_after/022/022_459_DSC_0875_aft.JPG,lefood-0385,within_category_cyclic,training
lefood-0385,leftover dataset/data_after/022/022_459_DSC_0875_aft.JPG,leftover dataset/data_after/022/022_460_DSC_0874_aft.JPG,lefood-0386,within_category_cyclic,training
lefood-0386,leftover dataset/data_after/022/022_460_DSC_0874_aft.JPG,leftover dataset/data_after/022/022_461_DSC_0869_aft.JPG,lefood-0387,within_category_cyclic,training
lefood-0387,leftover dataset/data_after/022/022_461_DSC_0869_aft.JPG,leftover dataset/data_after/022/022_380_DSC_0031_aft.JPG,lefood-0381,within_category_cyclic,training
lefood-0388,leftover dataset/data_after/023/023_381_DSC_0106_aft.JPG,leftover dataset/data_after/023/023_382_DSC_0093_aft.JPG,lefood-0389,within_category_cyclic,training
lefood-0389,leftover dataset/data_after/023/023_382_DSC_0093_aft.JPG,leftover dataset/data_after/023/023_384_DSC_0083_aft.JPG,lefood-0391,within_category_cyclic,training
lefood-0391,leftover dataset/data_after/023/023_384_DSC_0083_aft.JPG,leftover dataset/data_after/023/023_385_DSC_0080_aft.JPG,lefood-0392,within_category_cyclic,training
lefood-0392,leftover dataset/data_after/023/023_385_DSC_0080_aft.JPG,leftover dataset/data_after/023/023_386_DSC_0090_aft.JPG,lefood-0393,within_category_cyclic,training
lefood-0393,leftover dataset/data_after/023/023_386_DSC_0090_aft.JPG,leftover dataset/data_after/023/023_387_DSC_0076_aft.JPG,lefood-0394,within_category_cyclic,training
lefood-0394,leftover dataset/data_after/023/023_387_DSC_0076_aft.JPG,leftover dataset/data_after/023/023_388_DSC_0104_aft.JPG,lefood-0395,within_category_cyclic,training
lefood-0395,leftover dataset/data_after/023/023_388_DSC_0104_aft.JPG,leftover dataset/data_after/023/023_429_DSC_0589_aft.JPG,lefood-0396,within_category_cyclic,training
lefood-0396,leftover dataset/data_after/023/023_429_DSC_0589_aft.JPG,leftover dataset/data_after/023/023_430_DSC_0596_aft.JPG,lefood-0397,within_category_cyclic,training
lefood-0397,leftover dataset/data_after/023/023_430_DSC_0596_aft.JPG,leftover dataset/data_after/023/023_432_DSC_0535_aft.JPG,lefood-0398,within_category_cyclic,training
lefood-0398,leftover dataset/data_after/023/023_432_DSC_0535_aft.JPG,leftover dataset/data_after/023/023_477_DSC_0092_aft.JPG,lefood-0399,within_category_cyclic,training
lefood-0399,leftover dataset/data_after/023/023_477_DSC_0092_aft.JPG,leftover dataset/data_after/023/023_478_DSC_0070_aft.JPG,lefood-0400,within_category_cyclic,training
lefood-0400,leftover dataset/data_after/023/023_478_DSC_0070_aft.JPG,leftover dataset/data_after/023/023_479_DSC_0083_aft.JPG,lefood-0401,within_category_cyclic,training
lefood-0401,leftover dataset/data_after/023/023_479_DSC_0083_aft.JPG,leftover dataset/data_after/023/023_480_DSC_0081_aft.JPG,lefood-0402,within_category_cyclic,training
lefood-0402,leftover dataset/data_after/023/023_480_DSC_0081_aft.JPG,leftover dataset/data_after/023/023_481_DSC_0075_aft.JPG,lefood-0403,within_category_cyclic,training
lefood-0403,leftover dataset/data_after/023/023_481_DSC_0075_aft.JPG,leftover dataset/data_after/023/023_482_DSC_0097_aft.JPG,lefood-0404,within_category_cyclic,training
lefood-0404,leftover dataset/data_after/023/023_482_DSC_0097_aft.JPG,leftover dataset/data_after/023/023_483_DSC_0106_aft.JPG,lefood-0405,within_category_cyclic,training
lefood-0405,leftover dataset/data_after/023/023_483_DSC_0106_aft.JPG,leftover dataset/data_after/023/023_485_DSC_0122_aft.JPG,lefood-0407,within_category_cyclic,training
lefood-0407,leftover dataset/data_after/023/023_485_DSC_0122_aft.JPG,leftover dataset/data_after/023/023_486_DSC_0110_aft.JPG,lefood-0408,within_category_cyclic,training
lefood-0408,leftover dataset/data_after/023/023_486_DSC_0110_aft.JPG,leftover dataset/data_after/023/023_522_DSC_0471_aft.JPG,lefood-0409,within_category_cyclic,training
lefood-0409,leftover dataset/data_after/023/023_522_DSC_0471_aft.JPG,leftover dataset/data_after/023/023_523_DSC_0465_aft.JPG,lefood-0410,within_category_cyclic,training
lefood-0410,leftover dataset/data_after/023/023_523_DSC_0465_aft.JPG,leftover dataset/data_after/023/023_524_DSC_0475_aft.JPG,lefood-0411,within_category_cyclic,training
lefood-0411,leftover dataset/data_after/023/023_524_DSC_0475_aft.JPG,leftover dataset/data_after/023/023_381_DSC_0106_aft.JPG,lefood-0388,within_category_cyclic,training
lefood-0412,leftover dataset/data_after/024/024_389_DSC_0166_aft.JPG,leftover dataset/data_after/024/024_390_DSC_0171_aft.JPG,lefood-0413,within_category_cyclic,training
lefood-0413,leftover dataset/data_after/024/024_390_DSC_0171_aft.JPG,leftover dataset/data_after/024/024_391_DSC_0174_aft.JPG,lefood-0414,within_category_cyclic,training
lefood-0414,leftover dataset/data_after/024/024_391_DSC_0174_aft.JPG,leftover dataset/data_after/024/024_416_DSC_0512_aft.JPG,lefood-0415,within_category_cyclic,training
lefood-0415,leftover dataset/data_after/024/024_416_DSC_0512_aft.JPG,leftover dataset/data_after/024/024_417_DSC_0508_aft.JPG,lefood-0416,within_category_cyclic,training
lefood-0416,leftover dataset/data_after/024/024_417_DSC_0508_aft.JPG,leftover dataset/data_after/024/024_418_DSC_0476_aft.JPG,lefood-0417,within_category_cyclic,training
lefood-0417,leftover dataset/data_after/024/024_418_DSC_0476_aft.JPG,leftover dataset/data_after/024/024_419_DSC_0481_aft.JPG,lefood-0418,within_category_cyclic,training
lefood-0418,leftover dataset/data_after/024/024_419_DSC_0481_aft.JPG,leftover dataset/data_after/024/024_420_DSC_0474_aft.JPG,lefood-0419,within_category_cyclic,training
lefood-0419,leftover dataset/data_after/024/024_420_DSC_0474_aft.JPG,leftover dataset/data_after/024/024_421_DSC_0496_aft.JPG,lefood-0420,within_category_cyclic,training
lefood-0420,leftover dataset/data_after/024/024_421_DSC_0496_aft.JPG,leftover dataset/data_after/024/024_422_DSC_0502_aft.JPG,lefood-0421,within_category_cyclic,training
lefood-0421,leftover dataset/data_after/024/024_422_DSC_0502_aft.JPG,leftover dataset/data_after/024/024_423_DSC_0488_aft.JPG,lefood-0422,within_category_cyclic,training
lefood-0422,leftover dataset/data_after/024/024_423_DSC_0488_aft.JPG,leftover dataset/data_after/024/024_424_DSC_0491_aft.JPG,lefood-0423,within_category_cyclic,training
lefood-0423,leftover dataset/data_after/024/024_424_DSC_0491_aft.JPG,leftover dataset/data_after/024/024_425_DSC_0485_aft.JPG,lefood-0424,within_category_cyclic,training
lefood-0424,leftover dataset/data_after/024/024_425_DSC_0485_aft.JPG,leftover dataset/data_after/024/024_508_DSC_0389_aft.JPG,lefood-0426,within_category_cyclic,training
lefood-0426,leftover dataset/data_after/024/024_508_DSC_0389_aft.JPG,leftover dataset/data_after/024/024_509_DSC_0391_aft.JPG,lefood-0427,within_category_cyclic,training
lefood-0427,leftover dataset/data_after/024/024_509_DSC_0391_aft.JPG,leftover dataset/data_after/024/024_510_DSC_0372_aft.JPG,lefood-0428,within_category_cyclic,training
lefood-0428,leftover dataset/data_after/024/024_510_DSC_0372_aft.JPG,leftover dataset/data_after/024/024_511_DSC_0375_aft.JPG,lefood-0429,within_category_cyclic,training
lefood-0429,leftover dataset/data_after/024/024_511_DSC_0375_aft.JPG,leftover dataset/data_after/024/024_512_DSC_0365_aft.JPG,lefood-0430,within_category_cyclic,training
lefood-0430,leftover dataset/data_after/024/024_512_DSC_0365_aft.JPG,leftover dataset/data_after/024/024_513_DSC_0402_aft.JPG,lefood-0431,within_category_cyclic,training
lefood-0431,leftover dataset/data_after/024/024_513_DSC_0402_aft.JPG,leftover dataset/data_after/024/024_514_DSC_0368_aft.JPG,lefood-0432,within_category_cyclic,training
lefood-0432,leftover dataset/data_after/024/024_514_DSC_0368_aft.JPG,leftover dataset/data_after/024/024_515_DSC_0381_aft.JPG,lefood-0433,within_category_cyclic,training
lefood-0433,leftover dataset/data_after/024/024_515_DSC_0381_aft.JPG,leftover dataset/data_after/024/024_389_DSC_0166_aft.JPG,lefood-0412,within_category_cyclic,training
lefood-0434,leftover dataset/data_after/025/025_392_DSC_0261_aft.JPG,leftover dataset/data_after/009/009_181_DSC_0340_aft.JPG,lefood-0207,same_fold_singleton_swap,training
lefood-0454,leftover dataset/data_after/027/027_401_DSC_0324_aft.JPG,leftover dataset/data_after/027/027_404_DSC_0306_aft.JPG,lefood-0456,within_category_cyclic,training
lefood-0456,leftover dataset/data_after/027/027_404_DSC_0306_aft.JPG,leftover dataset/data_after/027/027_405_DSC_0303_aft.JPG,lefood-0457,within_category_cyclic,training
lefood-0457,leftover dataset/data_after/027/027_405_DSC_0303_aft.JPG,leftover dataset/data_after/027/027_401_DSC_0324_aft.JPG,lefood-0454,within_category_cyclic,training
lefood-0458,leftover dataset/data_after/028/028_403_DSC_0341_aft.JPG,leftover dataset/data_after/028/028_406_DSC_0317_aft.JPG,lefood-0459,within_category_cyclic,training
lefood-0459,leftover dataset/data_after/028/028_406_DSC_0317_aft.JPG,leftover dataset/data_after/028/028_499_DSC_0304_aft.JPG,lefood-0461,within_category_cyclic,training
lefood-0461,leftover dataset/data_after/028/028_499_DSC_0304_aft.JPG,leftover dataset/data_after/028/028_500_DSC_0308_aft.JPG,lefood-0462,within_category_cyclic,training
lefood-0462,leftover dataset/data_after/028/028_500_DSC_0308_aft.JPG,leftover dataset/data_after/028/028_501_DSC_0270_aft.JPG,lefood-0463,within_category_cyclic,training
lefood-0463,leftover dataset/data_after/028/028_501_DSC_0270_aft.JPG,leftover dataset/data_after/028/028_403_DSC_0341_aft.JPG,lefood-0458,within_category_cyclic,training
lefood-0464,leftover dataset/data_after/029/029_407_DSC_0422_aft.JPG,leftover dataset/data_after/029/029_408_DSC_0415_aft.JPG,lefood-0465,within_category_cyclic,training
lefood-0465,leftover dataset/data_after/029/029_408_DSC_0415_aft.JPG,leftover dataset/data_after/029/029_409_DSC_0389_aft.JPG,lefood-0466,within_category_cyclic,training
lefood-0466,leftover dataset/data_after/029/029_409_DSC_0389_aft.JPG,leftover dataset/data_after/029/029_410_DSC_0418_aft.JPG,lefood-0467,within_category_cyclic,training
lefood-0467,leftover dataset/data_after/029/029_410_DSC_0418_aft.JPG,leftover dataset/data_after/029/029_413_DSC_0403_aft.JPG,lefood-0470,within_category_cyclic,training
lefood-0470,leftover dataset/data_after/029/029_413_DSC_0403_aft.JPG,leftover dataset/data_after/029/029_414_DSC_0398_aft.JPG,lefood-0471,within_category_cyclic,training
lefood-0471,leftover dataset/data_after/029/029_414_DSC_0398_aft.JPG,leftover dataset/data_after/029/029_415_DSC_0386_aft.JPG,lefood-0472,within_category_cyclic,training
lefood-0472,leftover dataset/data_after/029/029_415_DSC_0386_aft.JPG,leftover dataset/data_after/029/029_445_DSC_0808_aft.JPG,lefood-0474,within_category_cyclic,training
lefood-0474,leftover dataset/data_after/029/029_445_DSC_0808_aft.JPG,leftover dataset/data_after/029/029_446_DSC_0789_aft.JPG,lefood-0475,within_category_cyclic,training
lefood-0475,leftover dataset/data_after/029/029_446_DSC_0789_aft.JPG,leftover dataset/data_after/029/029_447_DSC_0784_aft.JPG,lefood-0476,within_category_cyclic,training
lefood-0476,leftover dataset/data_after/029/029_447_DSC_0784_aft.JPG,leftover dataset/data_after/029/029_448_DSC_0759_aft.JPG,lefood-0477,within_category_cyclic,training
lefood-0477,leftover dataset/data_after/029/029_448_DSC_0759_aft.JPG,leftover dataset/data_after/029/029_449_DSC_0776_aft.JPG,lefood-0478,within_category_cyclic,training
lefood-0478,leftover dataset/data_after/029/029_449_DSC_0776_aft.JPG,leftover dataset/data_after/029/029_450_DSC_0793_aft.JPG,lefood-0479,within_category_cyclic,training
lefood-0479,leftover dataset/data_after/029/029_450_DSC_0793_aft.JPG,leftover dataset/data_after/029/029_451_DSC_0801_aft.JPG,lefood-0480,within_category_cyclic,training
lefood-0480,leftover dataset/data_after/029/029_451_DSC_0801_aft.JPG,leftover dataset/data_after/029/029_452_DSC_0766_aft.JPG,lefood-0481,within_category_cyclic,training
lefood-0481,leftover dataset/data_after/029/029_452_DSC_0766_aft.JPG,leftover dataset/data_after/029/029_453_DSC_0779_aft.JPG,lefood-0482,within_category_cyclic,training
lefood-0482,leftover dataset/data_after/029/029_453_DSC_0779_aft.JPG,leftover dataset/data_after/029/029_454_DSC_0772_aft.JPG,lefood-0483,within_category_cyclic,training
lefood-0483,leftover dataset/data_after/029/029_454_DSC_0772_aft.JPG,leftover dataset/data_after/029/029_455_DSC_0776_aft.JPG,lefood-0484,within_category_cyclic,training
lefood-0484,leftover dataset/data_after/029/029_455_DSC_0776_aft.JPG,leftover dataset/data_after/029/029_502_DSC_0280_aft.JPG,lefood-0485,within_category_cyclic,training
lefood-0485,leftover dataset/data_after/029/029_502_DSC_0280_aft.JPG,leftover dataset/data_after/029/029_503_DSC_0289_aft.JPG,lefood-0486,within_category_cyclic,training
lefood-0486,leftover dataset/data_after/029/029_503_DSC_0289_aft.JPG,leftover dataset/data_after/029/029_504_DSC_0299_aft.JPG,lefood-0487,within_category_cyclic,training
lefood-0487,leftover dataset/data_after/029/029_504_DSC_0299_aft.JPG,leftover dataset/data_after/029/029_505_DSC_0286_aft.JPG,lefood-0488,within_category_cyclic,training
lefood-0488,leftover dataset/data_after/029/029_505_DSC_0286_aft.JPG,leftover dataset/data_after/029/029_506_DSC_0266_aft.JPG,lefood-0489,within_category_cyclic,training
lefood-0489,leftover dataset/data_after/029/029_506_DSC_0266_aft.JPG,leftover dataset/data_after/029/029_537_DSC_0637_aft.JPG,lefood-0490,within_category_cyclic,training
lefood-0490,leftover dataset/data_after/029/029_537_DSC_0637_aft.JPG,leftover dataset/data_after/029/029_538_DSC_0642_aft.JPG,lefood-0491,within_category_cyclic,training
lefood-0491,leftover dataset/data_after/029/029_538_DSC_0642_aft.JPG,leftover dataset/data_after/029/029_539_DSC_0633_aft.JPG,lefood-0492,within_category_cyclic,training
lefood-0492,leftover dataset/data_after/029/029_539_DSC_0633_aft.JPG,leftover dataset/data_after/029/029_407_DSC_0422_aft.JPG,lefood-0464,within_category_cyclic,training
lefood-0493,leftover dataset/data_after/030/030_426_DSC_0583_aft.JPG,leftover dataset/data_after/030/030_427_DSC_0577_aft.JPG,lefood-0494,within_category_cyclic,training
lefood-0494,leftover dataset/data_after/030/030_427_DSC_0577_aft.JPG,leftover dataset/data_after/030/030_428_DSC_0572_aft.JPG,lefood-0495,within_category_cyclic,training
lefood-0495,leftover dataset/data_after/030/030_428_DSC_0572_aft.JPG,leftover dataset/data_after/030/030_431_DSC_0529_aft.JPG,lefood-0496,within_category_cyclic,training
lefood-0496,leftover dataset/data_after/030/030_431_DSC_0529_aft.JPG,leftover dataset/data_after/030/030_516_DSC_0486_aft.JPG,lefood-0497,within_category_cyclic,training
lefood-0497,leftover dataset/data_after/030/030_516_DSC_0486_aft.JPG,leftover dataset/data_after/030/030_517_DSC_0482_aft.JPG,lefood-0498,within_category_cyclic,training
lefood-0498,leftover dataset/data_after/030/030_517_DSC_0482_aft.JPG,leftover dataset/data_after/030/030_518_DSC_0481_aft.JPG,lefood-0499,within_category_cyclic,training
lefood-0499,leftover dataset/data_after/030/030_518_DSC_0481_aft.JPG,leftover dataset/data_after/030/030_519_DSC_0454_aft.JPG,lefood-0500,within_category_cyclic,training
lefood-0500,leftover dataset/data_after/030/030_519_DSC_0454_aft.JPG,leftover dataset/data_after/030/030_520_DSC_0493_aft.JPG,lefood-0501,within_category_cyclic,training
lefood-0501,leftover dataset/data_after/030/030_520_DSC_0493_aft.JPG,leftover dataset/data_after/030/030_521_DSC_0496_aft.JPG,lefood-0502,within_category_cyclic,training
lefood-0502,leftover dataset/data_after/030/030_521_DSC_0496_aft.JPG,leftover dataset/data_after/030/030_525_DSC_0462_aft.JPG,lefood-0503,within_category_cyclic,training
lefood-0503,leftover dataset/data_after/030/030_525_DSC_0462_aft.JPG,leftover dataset/data_after/030/030_426_DSC_0583_aft.JPG,lefood-0493,within_category_cyclic,training
lefood-0526,leftover dataset/data_after/032/032_462_DSC_0906_aft.JPG,leftover dataset/data_after/032/032_463_DSC_0888_aft.JPG,lefood-0527,within_category_cyclic,training
lefood-0527,leftover dataset/data_after/032/032_463_DSC_0888_aft.JPG,leftover dataset/data_after/032/032_465_DSC_0896_aft.JPG,lefood-0529,within_category_cyclic,training
lefood-0529,leftover dataset/data_after/032/032_465_DSC_0896_aft.JPG,leftover dataset/data_after/032/032_462_DSC_0906_aft.JPG,lefood-0526,within_category_cyclic,training
lefood-0530,leftover dataset/data_after/033/033_466_DSC_0975_aft.JPG,leftover dataset/data_after/033/033_467_DSC_0979_aft.JPG,lefood-0531,within_category_cyclic,training
lefood-0531,leftover dataset/data_after/033/033_467_DSC_0979_aft.JPG,leftover dataset/data_after/033/033_468_DSC_0983_aft.JPG,lefood-0532,within_category_cyclic,training
lefood-0532,leftover dataset/data_after/033/033_468_DSC_0983_aft.JPG,leftover dataset/data_after/033/033_469_DSC_0986_aft.JPG,lefood-0533,within_category_cyclic,training
lefood-0533,leftover dataset/data_after/033/033_469_DSC_0986_aft.JPG,leftover dataset/data_after/033/033_470_DSC_0992_aft.JPG,lefood-0534,within_category_cyclic,training
lefood-0534,leftover dataset/data_after/033/033_470_DSC_0992_aft.JPG,leftover dataset/data_after/033/033_471_DSC_1002_aft.JPG,lefood-0535,within_category_cyclic,training
lefood-0535,leftover dataset/data_after/033/033_471_DSC_1002_aft.JPG,leftover dataset/data_after/033/033_472_DSC_0011_aft.JPG,lefood-0536,within_category_cyclic,training
lefood-0536,leftover dataset/data_after/033/033_472_DSC_0011_aft.JPG,leftover dataset/data_after/033/033_473_DSC_0007_aft.JPG,lefood-0537,within_category_cyclic,training
lefood-0537,leftover dataset/data_after/033/033_473_DSC_0007_aft.JPG,leftover dataset/data_after/033/033_474_DSC_0998_aft.JPG,lefood-0538,within_category_cyclic,training
lefood-0538,leftover dataset/data_after/033/033_474_DSC_0998_aft.JPG,leftover dataset/data_after/033/033_475_DSC_1007_aft.JPG,lefood-0539,within_category_cyclic,training
lefood-0539,leftover dataset/data_after/033/033_475_DSC_1007_aft.JPG,leftover dataset/data_after/033/033_476_DSC_1012_aft.JPG,lefood-0540,within_category_cyclic,training
lefood-0540,leftover dataset/data_after/033/033_476_DSC_1012_aft.JPG,leftover dataset/data_after/033/033_466_DSC_0975_aft.JPG,lefood-0530,within_category_cyclic,training
lefood-0159,leftover dataset/data_after/003/003_158_DSC_0030_aft.JPG,leftover dataset/data_after/006/006_169_DSC_0172_aft.JPG,lefood-0181,same_fold_singleton_swap,evaluation
lefood-0181,leftover dataset/data_after/006/006_169_DSC_0172_aft.JPG,leftover dataset/data_after/006/006_203_DSC_0484_aft.JPG,lefood-0182,within_category_cyclic,evaluation
lefood-0182,leftover dataset/data_after/006/006_203_DSC_0484_aft.JPG,leftover dataset/data_after/003/003_158_DSC_0030_aft.JPG,lefood-0159,same_fold_singleton_swap_donor_preimage,evaluation
lefood-0272,leftover dataset/data_after/013/013_211_DSC_0688_aft.JPG,leftover dataset/data_after/013/013_212_DSC_0700_aft.JPG,lefood-0273,within_category_cyclic,evaluation
lefood-0273,leftover dataset/data_after/013/013_212_DSC_0700_aft.JPG,leftover dataset/data_after/013/013_213_DSC_0658_aft.JPG,lefood-0274,within_category_cyclic,evaluation
lefood-0274,leftover dataset/data_after/013/013_213_DSC_0658_aft.JPG,leftover dataset/data_after/013/013_214_DSC_0663_aft.JPG,lefood-0275,within_category_cyclic,evaluation
lefood-0275,leftover dataset/data_after/013/013_214_DSC_0663_aft.JPG,leftover dataset/data_after/013/013_215_DSC_0673_aft.JPG,lefood-0276,within_category_cyclic,evaluation
lefood-0276,leftover dataset/data_after/013/013_215_DSC_0673_aft.JPG,leftover dataset/data_after/013/013_216_DSC_0694_aft.JPG,lefood-0277,within_category_cyclic,evaluation
lefood-0277,leftover dataset/data_after/013/013_216_DSC_0694_aft.JPG,leftover dataset/data_after/013/013_217_DSC_0698_aft.JPG,lefood-0278,within_category_cyclic,evaluation
lefood-0278,leftover dataset/data_after/013/013_217_DSC_0698_aft.JPG,leftover dataset/data_after/013/013_218_DSC_0666_aft.JPG,lefood-0279,within_category_cyclic,evaluation
lefood-0279,leftover dataset/data_after/013/013_218_DSC_0666_aft.JPG,leftover dataset/data_after/013/013_219_DSC_0685_aft.JPG,lefood-0280,within_category_cyclic,evaluation
lefood-0280,leftover dataset/data_after/013/013_219_DSC_0685_aft.JPG,leftover dataset/data_after/013/013_220_DSC_0676_aft.JPG,lefood-0281,within_category_cyclic,evaluation
lefood-0281,leftover dataset/data_after/013/013_220_DSC_0676_aft.JPG,leftover dataset/data_after/013/013_221_DSC_0681_aft.JPG,lefood-0282,within_category_cyclic,evaluation
lefood-0282,leftover dataset/data_after/013/013_221_DSC_0681_aft.JPG,leftover dataset/data_after/013/013_304_DSC_0589_aft.JPG,lefood-0283,within_category_cyclic,evaluation
lefood-0283,leftover dataset/data_after/013/013_304_DSC_0589_aft.JPG,leftover dataset/data_after/013/013_305_DSC_0592_aft.JPG,lefood-0284,within_category_cyclic,evaluation
lefood-0284,leftover dataset/data_after/013/013_305_DSC_0592_aft.JPG,leftover dataset/data_after/013/013_306_DSC_0595_aft.JPG,lefood-0285,within_category_cyclic,evaluation
lefood-0285,leftover dataset/data_after/013/013_306_DSC_0595_aft.JPG,leftover dataset/data_after/013/013_307_DSC_0578_aft.JPG,lefood-0286,within_category_cyclic,evaluation
lefood-0286,leftover dataset/data_after/013/013_307_DSC_0578_aft.JPG,leftover dataset/data_after/013/013_308_DSC_0584_aft.JPG,lefood-0287,within_category_cyclic,evaluation
lefood-0287,leftover dataset/data_after/013/013_308_DSC_0584_aft.JPG,leftover dataset/data_after/013/013_309_DSC_0563_aft.JPG,lefood-0288,within_category_cyclic,evaluation
lefood-0288,leftover dataset/data_after/013/013_309_DSC_0563_aft.JPG,leftover dataset/data_after/013/013_310_DSC_0559_aft.JPG,lefood-0289,within_category_cyclic,evaluation
lefood-0289,leftover dataset/data_after/013/013_310_DSC_0559_aft.JPG,leftover dataset/data_after/013/013_311_DSC_0553_aft.JPG,lefood-0290,within_category_cyclic,evaluation
lefood-0290,leftover dataset/data_after/013/013_311_DSC_0553_aft.JPG,leftover dataset/data_after/013/013_312_DSC_0574_aft.JPG,lefood-0291,within_category_cyclic,evaluation
lefood-0291,leftover dataset/data_after/013/013_312_DSC_0574_aft.JPG,leftover dataset/data_after/013/013_313_DSC_0569_aft.JPG,lefood-0292,within_category_cyclic,evaluation
lefood-0292,leftover dataset/data_after/013/013_313_DSC_0569_aft.JPG,leftover dataset/data_after/013/013_314_DSC_0601_aft.JPG,lefood-0293,within_category_cyclic,evaluation
lefood-0293,leftover dataset/data_after/013/013_314_DSC_0601_aft.JPG,leftover dataset/data_after/013/013_211_DSC_0688_aft.JPG,lefood-0272,within_category_cyclic,evaluation
lefood-0309,leftover dataset/data_after/015/015_255_DSC_0093_aft.JPG,leftover dataset/data_after/015/015_256_DSC_0089_aft.JPG,lefood-0310,within_category_cyclic,evaluation
lefood-0310,leftover dataset/data_after/015/015_256_DSC_0089_aft.JPG,leftover dataset/data_after/015/015_257_DSC_0084_aft.JPG,lefood-0311,within_category_cyclic,evaluation
lefood-0311,leftover dataset/data_after/015/015_257_DSC_0084_aft.JPG,leftover dataset/data_after/015/015_258_DSC_0080_aft.JPG,lefood-0312,within_category_cyclic,evaluation
lefood-0312,leftover dataset/data_after/015/015_258_DSC_0080_aft.JPG,leftover dataset/data_after/015/015_259_DSC_0077_aft.JPG,lefood-0313,within_category_cyclic,evaluation
lefood-0313,leftover dataset/data_after/015/015_259_DSC_0077_aft.JPG,leftover dataset/data_after/015/015_260_DSC_0096_aft.JPG,lefood-0314,within_category_cyclic,evaluation
lefood-0314,leftover dataset/data_after/015/015_260_DSC_0096_aft.JPG,leftover dataset/data_after/015/015_261_DSC_0105_aft.JPG,lefood-0315,within_category_cyclic,evaluation
lefood-0315,leftover dataset/data_after/015/015_261_DSC_0105_aft.JPG,leftover dataset/data_after/015/015_263_DSC_0120_aft.JPG,lefood-0317,within_category_cyclic,evaluation
lefood-0317,leftover dataset/data_after/015/015_263_DSC_0120_aft.JPG,leftover dataset/data_after/015/015_264_DSC_0112_aft.JPG,lefood-0318,within_category_cyclic,evaluation
lefood-0318,leftover dataset/data_after/015/015_264_DSC_0112_aft.JPG,leftover dataset/data_after/015/015_318_DSC_0091_aft.JPG,lefood-0319,within_category_cyclic,evaluation
lefood-0319,leftover dataset/data_after/015/015_318_DSC_0091_aft.JPG,leftover dataset/data_after/015/015_319_DSC_0078_aft.JPG,lefood-0320,within_category_cyclic,evaluation
lefood-0320,leftover dataset/data_after/015/015_319_DSC_0078_aft.JPG,leftover dataset/data_after/015/015_336_DSC_0695_aft.JPG,lefood-0321,within_category_cyclic,evaluation
lefood-0321,leftover dataset/data_after/015/015_336_DSC_0695_aft.JPG,leftover dataset/data_after/015/015_337_DSC_0699_aft.JPG,lefood-0322,within_category_cyclic,evaluation
lefood-0322,leftover dataset/data_after/015/015_337_DSC_0699_aft.JPG,leftover dataset/data_after/015/015_338_DSC_0667_aft.JPG,lefood-0323,within_category_cyclic,evaluation
lefood-0323,leftover dataset/data_after/015/015_338_DSC_0667_aft.JPG,leftover dataset/data_after/015/015_372_DSC_0588_aft.JPG,lefood-0324,within_category_cyclic,evaluation
lefood-0324,leftover dataset/data_after/015/015_372_DSC_0588_aft.JPG,leftover dataset/data_after/015/015_373_DSC_0564_aft.JPG,lefood-0325,within_category_cyclic,evaluation
lefood-0325,leftover dataset/data_after/015/015_373_DSC_0564_aft.JPG,leftover dataset/data_after/015/015_374_DSC_0560_aft.JPG,lefood-0326,within_category_cyclic,evaluation
lefood-0326,leftover dataset/data_after/015/015_374_DSC_0560_aft.JPG,leftover dataset/data_after/015/015_375_DSC_0554_aft.JPG,lefood-0327,within_category_cyclic,evaluation
lefood-0327,leftover dataset/data_after/015/015_375_DSC_0554_aft.JPG,leftover dataset/data_after/015/015_376_DSC_0575_aft.JPG,lefood-0328,within_category_cyclic,evaluation
lefood-0328,leftover dataset/data_after/015/015_376_DSC_0575_aft.JPG,leftover dataset/data_after/015/015_378_DSC_0600_aft.JPG,lefood-0330,within_category_cyclic,evaluation
lefood-0330,leftover dataset/data_after/015/015_378_DSC_0600_aft.JPG,leftover dataset/data_after/015/015_255_DSC_0093_aft.JPG,lefood-0309,within_category_cyclic,evaluation
lefood-0336,leftover dataset/data_after/017/017_323_DSC_0424_aft.JPG,leftover dataset/data_after/017/017_324_DSC_0413_aft.JPG,lefood-0337,within_category_cyclic,evaluation
lefood-0337,leftover dataset/data_after/017/017_324_DSC_0413_aft.JPG,leftover dataset/data_after/017/017_325_DSC_0409_aft.JPG,lefood-0338,within_category_cyclic,evaluation
lefood-0338,leftover dataset/data_after/017/017_325_DSC_0409_aft.JPG,leftover dataset/data_after/017/017_326_DSC_0405_aft.JPG,lefood-0339,within_category_cyclic,evaluation
lefood-0339,leftover dataset/data_after/017/017_326_DSC_0405_aft.JPG,leftover dataset/data_after/017/017_327_DSC_0399_aft.JPG,lefood-0340,within_category_cyclic,evaluation
lefood-0340,leftover dataset/data_after/017/017_327_DSC_0399_aft.JPG,leftover dataset/data_after/017/017_323_DSC_0424_aft.JPG,lefood-0336,within_category_cyclic,evaluation
lefood-0368,leftover dataset/data_after/021/021_350_DSC_0991_aft.JPG,leftover dataset/data_after/021/021_351_DSC_0006_aft.JPG,lefood-0369,within_category_cyclic,evaluation
lefood-0369,leftover dataset/data_after/021/021_351_DSC_0006_aft.JPG,leftover dataset/data_after/021/021_352_DSC_0997_aft.JPG,lefood-0370,within_category_cyclic,evaluation
lefood-0370,leftover dataset/data_after/021/021_352_DSC_0997_aft.JPG,leftover dataset/data_after/021/021_354_DSC_0001_aft.JPG,lefood-0372,within_category_cyclic,evaluation
lefood-0372,leftover dataset/data_after/021/021_354_DSC_0001_aft.JPG,leftover dataset/data_after/021/021_361_DSC_0279_aft.JPG,lefood-0373,within_category_cyclic,evaluation
lefood-0373,leftover dataset/data_after/021/021_361_DSC_0279_aft.JPG,leftover dataset/data_after/021/021_362_DSC_0292_aft.JPG,lefood-0374,within_category_cyclic,evaluation
lefood-0374,leftover dataset/data_after/021/021_362_DSC_0292_aft.JPG,leftover dataset/data_after/021/021_363_DSC_0298_aft.JPG,lefood-0375,within_category_cyclic,evaluation
lefood-0375,leftover dataset/data_after/021/021_363_DSC_0298_aft.JPG,leftover dataset/data_after/021/021_364_DSC_0282_aft.JPG,lefood-0376,within_category_cyclic,evaluation
lefood-0376,leftover dataset/data_after/021/021_364_DSC_0282_aft.JPG,leftover dataset/data_after/021/021_365_DSC_0364_aft.JPG,lefood-0377,within_category_cyclic,evaluation
lefood-0377,leftover dataset/data_after/021/021_365_DSC_0364_aft.JPG,leftover dataset/data_after/021/021_366_DSC_0400_aft.JPG,lefood-0378,within_category_cyclic,evaluation
lefood-0378,leftover dataset/data_after/021/021_366_DSC_0400_aft.JPG,leftover dataset/data_after/021/021_367_DSC_0367_aft.JPG,lefood-0379,within_category_cyclic,evaluation
lefood-0379,leftover dataset/data_after/021/021_367_DSC_0367_aft.JPG,leftover dataset/data_after/021/021_368_DSC_0380_aft.JPG,lefood-0380,within_category_cyclic,evaluation
lefood-0380,leftover dataset/data_after/021/021_368_DSC_0380_aft.JPG,leftover dataset/data_after/021/021_350_DSC_0991_aft.JPG,lefood-0368,within_category_cyclic,evaluation
lefood-0435,leftover dataset/data_after/026/026_393_DSC_0229_aft.JPG,leftover dataset/data_after/026/026_394_DSC_0236_aft.JPG,lefood-0436,within_category_cyclic,evaluation
lefood-0436,leftover dataset/data_after/026/026_394_DSC_0236_aft.JPG,leftover dataset/data_after/026/026_395_DSC_0242_aft.JPG,lefood-0437,within_category_cyclic,evaluation
lefood-0437,leftover dataset/data_after/026/026_395_DSC_0242_aft.JPG,leftover dataset/data_after/026/026_396_DSC_0253_aft.JPG,lefood-0438,within_category_cyclic,evaluation
lefood-0438,leftover dataset/data_after/026/026_396_DSC_0253_aft.JPG,leftover dataset/data_after/026/026_397_DSC_0225_aft.JPG,lefood-0439,within_category_cyclic,evaluation
lefood-0439,leftover dataset/data_after/026/026_397_DSC_0225_aft.JPG,leftover dataset/data_after/026/026_398_DSC_0234_aft.JPG,lefood-0440,within_category_cyclic,evaluation
lefood-0440,leftover dataset/data_after/026/026_398_DSC_0234_aft.JPG,leftover dataset/data_after/026/026_399_DSC_0245_aft.JPG,lefood-0441,within_category_cyclic,evaluation
lefood-0441,leftover dataset/data_after/026/026_399_DSC_0245_aft.JPG,leftover dataset/data_after/026/026_400_DSC_0250_aft.JPG,lefood-0442,within_category_cyclic,evaluation
lefood-0442,leftover dataset/data_after/026/026_400_DSC_0250_aft.JPG,leftover dataset/data_after/026/026_487_DSC_0176_aft.JPG,lefood-0443,within_category_cyclic,evaluation
lefood-0443,leftover dataset/data_after/026/026_487_DSC_0176_aft.JPG,leftover dataset/data_after/026/026_488_DSC_0184_aft.JPG,lefood-0444,within_category_cyclic,evaluation
lefood-0444,leftover dataset/data_after/026/026_488_DSC_0184_aft.JPG,leftover dataset/data_after/026/026_489_DSC_0188_aft.JPG,lefood-0445,within_category_cyclic,evaluation
lefood-0445,leftover dataset/data_after/026/026_489_DSC_0188_aft.JPG,leftover dataset/data_after/026/026_490_DSC_0191_aft.JPG,lefood-0446,within_category_cyclic,evaluation
lefood-0446,leftover dataset/data_after/026/026_490_DSC_0191_aft.JPG,leftover dataset/data_after/026/026_491_DSC_0171_aft.JPG,lefood-0447,within_category_cyclic,evaluation
lefood-0447,leftover dataset/data_after/026/026_491_DSC_0171_aft.JPG,leftover dataset/data_after/026/026_492_DSC_0179_aft.JPG,lefood-0448,within_category_cyclic,evaluation
lefood-0448,leftover dataset/data_after/026/026_492_DSC_0179_aft.JPG,leftover dataset/data_after/026/026_493_DSC_0206_aft.JPG,lefood-0449,within_category_cyclic,evaluation
lefood-0449,leftover dataset/data_after/026/026_493_DSC_0206_aft.JPG,leftover dataset/data_after/026/026_494_DSC_0214_aft.JPG,lefood-0450,within_category_cyclic,evaluation
lefood-0450,leftover dataset/data_after/026/026_494_DSC_0214_aft.JPG,leftover dataset/data_after/026/026_495_DSC_0202_aft.JPG,lefood-0451,within_category_cyclic,evaluation
lefood-0451,leftover dataset/data_after/026/026_495_DSC_0202_aft.JPG,leftover dataset/data_after/026/026_496_DSC_0210_aft.JPG,lefood-0452,within_category_cyclic,evaluation
lefood-0452,leftover dataset/data_after/026/026_496_DSC_0210_aft.JPG,leftover dataset/data_after/026/026_497_DSC_0198_aft.JPG,lefood-0453,within_category_cyclic,evaluation
lefood-0453,leftover dataset/data_after/026/026_497_DSC_0198_aft.JPG,leftover dataset/data_after/026/026_393_DSC_0229_aft.JPG,lefood-0435,within_category_cyclic,evaluation
lefood-0504,leftover dataset/data_after/031/031_433_DSC_0689_aft.JPG,leftover dataset/data_after/031/031_434_DSC_0656_aft.JPG,lefood-0505,within_category_cyclic,evaluation
lefood-0505,leftover dataset/data_after/031/031_434_DSC_0656_aft.JPG,leftover dataset/data_after/031/031_435_DSC_0659_aft.JPG,lefood-0506,within_category_cyclic,evaluation
lefood-0506,leftover dataset/data_after/031/031_435_DSC_0659_aft.JPG,leftover dataset/data_after/031/031_436_DSC_0662_aft.JPG,lefood-0507,within_category_cyclic,evaluation
lefood-0507,leftover dataset/data_after/031/031_436_DSC_0662_aft.JPG,leftover dataset/data_after/031/031_437_DSC_0671_aft.JPG,lefood-0508,within_category_cyclic,evaluation
lefood-0508,leftover dataset/data_after/031/031_437_DSC_0671_aft.JPG,leftover dataset/data_after/031/031_438_DSC_0693_aft.JPG,lefood-0509,within_category_cyclic,evaluation
lefood-0509,leftover dataset/data_after/031/031_438_DSC_0693_aft.JPG,leftover dataset/data_after/031/031_439_DSC_0690_aft.JPG,lefood-0510,within_category_cyclic,evaluation
lefood-0510,leftover dataset/data_after/031/031_439_DSC_0690_aft.JPG,leftover dataset/data_after/031/031_440_DSC_0665_aft.JPG,lefood-0511,within_category_cyclic,evaluation
lefood-0511,leftover dataset/data_after/031/031_440_DSC_0665_aft.JPG,leftover dataset/data_after/031/031_441_DSC_0683_aft.JPG,lefood-0512,within_category_cyclic,evaluation
lefood-0512,leftover dataset/data_after/031/031_441_DSC_0683_aft.JPG,leftover dataset/data_after/031/031_442_DSC_0675_aft.JPG,lefood-0513,within_category_cyclic,evaluation
lefood-0513,leftover dataset/data_after/031/031_442_DSC_0675_aft.JPG,leftover dataset/data_after/031/031_443_DSC_0680_aft.JPG,lefood-0514,within_category_cyclic,evaluation
lefood-0514,leftover dataset/data_after/031/031_443_DSC_0680_aft.JPG,leftover dataset/data_after/031/031_526_DSC_0590_aft.JPG,lefood-0515,within_category_cyclic,evaluation
lefood-0515,leftover dataset/data_after/031/031_526_DSC_0590_aft.JPG,leftover dataset/data_after/031/031_527_DSC_0593_aft.JPG,lefood-0516,within_category_cyclic,evaluation
lefood-0516,leftover dataset/data_after/031/031_527_DSC_0593_aft.JPG,leftover dataset/data_after/031/031_528_DSC_0596_aft.JPG,lefood-0517,within_category_cyclic,evaluation
lefood-0517,leftover dataset/data_after/031/031_528_DSC_0596_aft.JPG,leftover dataset/data_after/031/031_529_DSC_0579_aft.JPG,lefood-0518,within_category_cyclic,evaluation
lefood-0518,leftover dataset/data_after/031/031_529_DSC_0579_aft.JPG,leftover dataset/data_after/031/031_530_DSC_0583_aft.JPG,lefood-0519,within_category_cyclic,evaluation
lefood-0519,leftover dataset/data_after/031/031_530_DSC_0583_aft.JPG,leftover dataset/data_after/031/031_531_DSC_0565_aft.JPG,lefood-0520,within_category_cyclic,evaluation
lefood-0520,leftover dataset/data_after/031/031_531_DSC_0565_aft.JPG,leftover dataset/data_after/031/031_532_DSC_0558_aft.JPG,lefood-0521,within_category_cyclic,evaluation
lefood-0521,leftover dataset/data_after/031/031_532_DSC_0558_aft.JPG,leftover dataset/data_after/031/031_533_DSC_0555_aft.JPG,lefood-0522,within_category_cyclic,evaluation
lefood-0522,leftover dataset/data_after/031/031_533_DSC_0555_aft.JPG,leftover dataset/data_after/031/031_534_DSC_0577_aft.JPG,lefood-0523,within_category_cyclic,evaluation
lefood-0523,leftover dataset/data_after/031/031_534_DSC_0577_aft.JPG,leftover dataset/data_after/031/031_535_DSC_0568_aft.JPG,lefood-0524,within_category_cyclic,evaluation
lefood-0524,leftover dataset/data_after/031/031_535_DSC_0568_aft.JPG,leftover dataset/data_after/031/031_536_DSC_0599_aft.JPG,lefood-0525,within_category_cyclic,evaluation
lefood-0525,leftover dataset/data_after/031/031_536_DSC_0599_aft.JPG,leftover dataset/data_after/031/031_433_DSC_0689_aft.JPG,lefood-0504,within_category_cyclic,evaluation
